scrape_date,gpu_model,category,price,currency,unit,provider,rental_type,gpu_count,vram_gb,regions
2026-06-05,A100,Cheapest,0.13,USD,per GPU per hour,Vast.ai,spot,1,80,gb
2026-06-05,A100,Hyperstack · Spot,1.08,USD,per GPU per hour,Hyperstack,spot,1,80,ca
2026-06-05,A100,Lambda · On-demand,1.99,USD,per GPU per hour,Lambda,on_demand,1,80,"in,us"
2026-06-05,A100,Oblivus · On-demand,1.47,USD,per GPU per hour,Oblivus,on_demand,1,80,us
2026-06-05,A100,On-demand (median),1.49,USD,per GPU per hour,,on_demand,,,
2026-06-05,A100,On-demand (min),0.78,USD,per GPU per hour,Thunder Compute,on_demand,1,80,
2026-06-05,A100,Runcrate · On-demand,1.49,USD,per GPU per hour,Runcrate,on_demand,1,80,"us,ca"
2026-06-05,A100,Runpod · On-demand,1.39,USD,per GPU per hour,Runpod,on_demand,1,80,"ca,ro,us"
2026-06-05,A100,Sesterce Cloud · On-demand,1.518,USD,per GPU per hour,Sesterce Cloud,on_demand,1,80,us
2026-06-05,A100,Spot (median),0.6265,USD,per GPU per hour,,spot,,,
2026-06-05,A100,Spot (min),0.13,USD,per GPU per hour,Vast.ai,spot,1,80,gb
2026-06-05,A100,Theta EdgeCloud · On-demand,1.99,USD,per GPU per hour,Theta EdgeCloud,on_demand,1,80,
2026-06-05,A100,Thunder Compute · On-demand,0.78,USD,per GPU per hour,Thunder Compute,on_demand,1,80,
2026-06-05,A100,Vast.ai · Spot,0.13,USD,per GPU per hour,Vast.ai,spot,1,80,gb
2026-06-05,A100,Verda · Spot,0.6265,USD,per GPU per hour,Verda,spot,1,80,
2026-06-05,B200,Beyond.pl · On-demand,5.1,USD,per GPU per hour,Beyond.pl,on_demand,1,180,pl
2026-06-05,B200,Cheapest,2.1385,USD,per GPU per hour,Verda,spot,2,180,
2026-06-05,B200,On-demand (median),5.1,USD,per GPU per hour,,on_demand,,,
2026-06-05,B200,On-demand (min),5.1,USD,per GPU per hour,Beyond.pl,on_demand,1,180,pl
2026-06-05,B200,Runpod · Spot,5.49,USD,per GPU per hour,Runpod,spot,1,180,"ro,us"
2026-06-05,B200,Spot (median),4.13,USD,per GPU per hour,,spot,,,
2026-06-05,B200,Spot (min),2.1385,USD,per GPU per hour,Verda,spot,2,180,
2026-06-05,B200,Vast.ai · Spot,4.13,USD,per GPU per hour,Vast.ai,spot,2,180,us
2026-06-05,B200,Verda · Spot,2.1385,USD,per GPU per hour,Verda,spot,2,180,
2026-06-05,B300,Cheapest,2.0,USD,per GPU per hour,Vast.ai,spot,2,288,us
2026-06-05,B300,On-demand (median),8.06,USD,per GPU per hour,,on_demand,,,
2026-06-05,B300,On-demand (min),7.39,USD,per GPU per hour,Runpod,on_demand,1,288,nl
2026-06-05,B300,Runpod · On-demand,7.39,USD,per GPU per hour,Runpod,on_demand,1,288,nl
2026-06-05,B300,Scaleway · On-demand,8.73,USD,per GPU per hour,Scaleway,on_demand,8,288,fr
2026-06-05,B300,Spot (median),2.3125,USD,per GPU per hour,,spot,,,
2026-06-05,B300,Spot (min),2.0,USD,per GPU per hour,Vast.ai,spot,2,288,us
2026-06-05,B300,Vast.ai · Spot,2.0,USD,per GPU per hour,Vast.ai,spot,2,288,us
2026-06-05,B300,Verda · Spot,2.625,USD,per GPU per hour,Verda,spot,1,288,
2026-06-05,H100,Cheapest,0.76,USD,per GPU per hour,Vast.ai,spot,1,80,in
2026-06-05,H100,Lambda · On-demand,3.29,USD,per GPU per hour,Lambda,on_demand,1,80,us
2026-06-05,H100,Latitude.sh · On-demand,3.37,USD,per GPU per hour,Latitude.sh,on_demand,1,80,us
2026-06-05,H100,Novita AI · Spot,1.3,USD,per GPU per hour,Novita AI,spot,1,80,"is,us"
2026-06-05,H100,Oblivus · On-demand,2.178,USD,per GPU per hour,Oblivus,on_demand,1,80,us
2026-06-05,H100,On-demand (median),2.234,USD,per GPU per hour,,on_demand,,,
2026-06-05,H100,On-demand (min),1.38,USD,per GPU per hour,Thunder Compute,on_demand,1,80,
2026-06-05,H100,Runcrate · On-demand,2.09,USD,per GPU per hour,Runcrate,on_demand,1,80,"ca,us,fr"
2026-06-05,H100,Runpod · Spot,2.39,USD,per GPU per hour,Runpod,spot,1,80,us
2026-06-05,H100,Scaleway · On-demand,3.3366,USD,per GPU per hour,Scaleway,on_demand,1,80,"fr,pl"
2026-06-05,H100,Sesterce Cloud · On-demand,2.145,USD,per GPU per hour,Sesterce Cloud,on_demand,8,80,ca
2026-06-05,H100,Spot (median),1.2188,USD,per GPU per hour,,spot,,,
2026-06-05,H100,Spot (min),0.76,USD,per GPU per hour,Vast.ai,spot,1,80,in
2026-06-05,H100,Theta EdgeCloud · On-demand,2.29,USD,per GPU per hour,Theta EdgeCloud,on_demand,1,80,
2026-06-05,H100,Thunder Compute · On-demand,1.38,USD,per GPU per hour,Thunder Compute,on_demand,1,80,
2026-06-05,H100,Vast.ai · Spot,0.76,USD,per GPU per hour,Vast.ai,spot,1,80,in
2026-06-05,H100,Verda · Spot,1.1375,USD,per GPU per hour,Verda,spot,2,80,
2026-06-05,H200,Cheapest,1.32,USD,per GPU per hour,Vast.ai,spot,2,141,us
2026-06-05,H200,Oblivus · On-demand,3.99,USD,per GPU per hour,Oblivus,on_demand,1,141,us
2026-06-05,H200,On-demand (median),4.3078,USD,per GPU per hour,,on_demand,,,
2026-06-05,H200,On-demand (min),2.49,USD,per GPU per hour,Theta EdgeCloud,on_demand,1,141,
2026-06-05,H200,Runcrate · On-demand,4.63,USD,per GPU per hour,Runcrate,on_demand,1,141,fi
2026-06-05,H200,Runpod · Spot,3.99,USD,per GPU per hour,Runpod,spot,1,141,"fr,jp,ca,is,us"
2026-06-05,H200,Sesterce Cloud · On-demand,4.6255,USD,per GPU per hour,Sesterce Cloud,on_demand,4,141,fi
2026-06-05,H200,Spot (median),1.4,USD,per GPU per hour,,spot,,,
2026-06-05,H200,Spot (min),1.32,USD,per GPU per hour,Vast.ai,spot,2,141,us
2026-06-05,H200,Theta EdgeCloud · On-demand,2.49,USD,per GPU per hour,Theta EdgeCloud,on_demand,1,141,
2026-06-05,H200,Vast.ai · Spot,1.32,USD,per GPU per hour,Vast.ai,spot,2,141,us
2026-06-05,H200,Verda · Spot,1.4,USD,per GPU per hour,Verda,spot,1,141,
2026-06-09,A100,Cheapest,0.13,USD,per GPU per hour,Vast.ai,spot,1,80,gb
2026-06-09,A100,Hyperstack · Spot,1.08,USD,per GPU per hour,Hyperstack,spot,1,80,ca
2026-06-09,A100,Lambda · On-demand,1.99,USD,per GPU per hour,Lambda,on_demand,1,80,"in,us"
2026-06-09,A100,Oblivus · On-demand,1.47,USD,per GPU per hour,Oblivus,on_demand,1,80,us
2026-06-09,A100,On-demand (median),1.49,USD,per GPU per hour,,on_demand,,,
2026-06-09,A100,On-demand (min),0.78,USD,per GPU per hour,Thunder Compute,on_demand,1,80,
2026-06-09,A100,Runcrate · On-demand,1.49,USD,per GPU per hour,Runcrate,on_demand,1,80,"us,ca"
2026-06-09,A100,Runpod · On-demand,1.39,USD,per GPU per hour,Runpod,on_demand,1,80,"ro,ca,us"
2026-06-09,A100,Sesterce Cloud · On-demand,1.518,USD,per GPU per hour,Sesterce Cloud,on_demand,1,80,us
2026-06-09,A100,Spot (median),0.6265,USD,per GPU per hour,,spot,,,
2026-06-09,A100,Spot (min),0.13,USD,per GPU per hour,Vast.ai,spot,1,80,gb
2026-06-09,A100,Theta EdgeCloud · On-demand,1.99,USD,per GPU per hour,Theta EdgeCloud,on_demand,1,80,
2026-06-09,A100,Thunder Compute · On-demand,0.78,USD,per GPU per hour,Thunder Compute,on_demand,1,80,
2026-06-09,A100,Vast.ai · Spot,0.13,USD,per GPU per hour,Vast.ai,spot,1,80,gb
2026-06-09,A100,Verda · Spot,0.6265,USD,per GPU per hour,Verda,spot,1,80,
2026-06-09,B200,Beyond.pl · On-demand,5.1,USD,per GPU per hour,Beyond.pl,on_demand,1,180,pl
2026-06-09,B200,Cheapest,2.1385,USD,per GPU per hour,Verda,spot,2,180,
2026-06-09,B200,On-demand (median),7.17,USD,per GPU per hour,,on_demand,,,
2026-06-09,B200,On-demand (min),5.1,USD,per GPU per hour,Beyond.pl,on_demand,1,180,pl
2026-06-09,B200,Runcrate · On-demand,7.17,USD,per GPU per hour,Runcrate,on_demand,1,180,fi
2026-06-09,B200,Runpod · Spot,5.49,USD,per GPU per hour,Runpod,spot,1,180,"ro,us"
2026-06-09,B200,Sesterce Cloud · On-demand,7.172,USD,per GPU per hour,Sesterce Cloud,on_demand,1,180,fi
2026-06-09,B200,Spot (median),2.81,USD,per GPU per hour,,spot,,,
2026-06-09,B200,Spot (min),2.1385,USD,per GPU per hour,Verda,spot,2,180,
2026-06-09,B200,Vast.ai · Spot,2.81,USD,per GPU per hour,Vast.ai,spot,1,180,us
2026-06-09,B200,Verda · Spot,2.1385,USD,per GPU per hour,Verda,spot,2,180,
2026-06-09,B300,Cheapest,1.87,USD,per GPU per hour,Vast.ai,spot,1,288,us
2026-06-09,B300,On-demand (median),8.5799,USD,per GPU per hour,,on_demand,,,
2026-06-09,B300,On-demand (min),7.39,USD,per GPU per hour,Runpod,on_demand,1,288,nl
2026-06-09,B300,Runcrate · On-demand,8.48,USD,per GPU per hour,Runcrate,on_demand,1,288,fi
2026-06-09,B300,Runpod · On-demand,7.39,USD,per GPU per hour,Runpod,on_demand,1,288,nl
2026-06-09,B300,Scaleway · On-demand,8.6798,USD,per GPU per hour,Scaleway,on_demand,8,288,fr
2026-06-09,B300,Sesterce Cloud · On-demand,8.701,USD,per GPU per hour,Sesterce Cloud,on_demand,1,288,fi
2026-06-09,B300,Spot (median),2.2475,USD,per GPU per hour,,spot,,,
2026-06-09,B300,Spot (min),1.87,USD,per GPU per hour,Vast.ai,spot,1,288,us
2026-06-09,B300,Vast.ai · Spot,1.87,USD,per GPU per hour,Vast.ai,spot,1,288,us
2026-06-09,B300,Verda · Spot,2.625,USD,per GPU per hour,Verda,spot,1,288,
2026-06-09,H100,Cheapest,0.45,USD,per GPU per hour,Vast.ai,spot,1,80,jp
2026-06-09,H100,Lambda · On-demand,3.29,USD,per GPU per hour,Lambda,on_demand,1,80,us
2026-06-09,H100,Latitude.sh · On-demand,3.37,USD,per GPU per hour,Latitude.sh,on_demand,1,80,us
2026-06-09,H100,Novita AI · Spot,1.3,USD,per GPU per hour,Novita AI,spot,1,80,"is,us"
2026-06-09,H100,Oblivus · On-demand,2.178,USD,per GPU per hour,Oblivus,on_demand,1,80,us
2026-06-09,H100,On-demand (median),2.234,USD,per GPU per hour,,on_demand,,,
2026-06-09,H100,On-demand (min),1.38,USD,per GPU per hour,Thunder Compute,on_demand,1,80,
2026-06-09,H100,Runcrate · On-demand,2.09,USD,per GPU per hour,Runcrate,on_demand,1,80,"ca,us"
2026-06-09,H100,Runpod · Spot,2.39,USD,per GPU per hour,Runpod,spot,1,80,"us,ca"
2026-06-09,H100,Scaleway · On-demand,3.3174,USD,per GPU per hour,Scaleway,on_demand,1,80,"fr,pl"
2026-06-09,H100,Sesterce Cloud · On-demand,2.145,USD,per GPU per hour,Sesterce Cloud,on_demand,8,80,ca
2026-06-09,H100,Spot (median),1.2188,USD,per GPU per hour,,spot,,,
2026-06-09,H100,Spot (min),0.45,USD,per GPU per hour,Vast.ai,spot,1,80,jp
2026-06-09,H100,Theta EdgeCloud · On-demand,2.29,USD,per GPU per hour,Theta EdgeCloud,on_demand,1,80,
2026-06-09,H100,Thunder Compute · On-demand,1.38,USD,per GPU per hour,Thunder Compute,on_demand,1,80,
2026-06-09,H100,Vast.ai · Spot,0.45,USD,per GPU per hour,Vast.ai,spot,1,80,jp
2026-06-09,H100,Verda · Spot,1.1375,USD,per GPU per hour,Verda,spot,2,80,
2026-06-09,H200,Cheapest,0.43,USD,per GPU per hour,Vast.ai,spot,1,141,fr
2026-06-09,H200,Oblivus · On-demand,3.99,USD,per GPU per hour,Oblivus,on_demand,1,141,us
2026-06-09,H200,On-demand (median),3.78,USD,per GPU per hour,,on_demand,,,
2026-06-09,H200,On-demand (min),2.49,USD,per GPU per hour,Theta EdgeCloud,on_demand,1,141,
2026-06-09,H200,Runcrate · On-demand,3.78,USD,per GPU per hour,Runcrate,on_demand,1,141,us
2026-06-09,H200,Runpod · Spot,3.99,USD,per GPU per hour,Runpod,spot,1,141,"jp,is,us,fr"
2026-06-09,H200,Spot (median),1.4,USD,per GPU per hour,,spot,,,
2026-06-09,H200,Spot (min),0.43,USD,per GPU per hour,Vast.ai,spot,1,141,fr
2026-06-09,H200,Theta EdgeCloud · On-demand,2.49,USD,per GPU per hour,Theta EdgeCloud,on_demand,1,141,
2026-06-09,H200,Vast.ai · Spot,0.43,USD,per GPU per hour,Vast.ai,spot,1,141,fr
2026-06-09,H200,Verda · Spot,1.4,USD,per GPU per hour,Verda,spot,1,141,
2026-06-10,A100,Cheapest,0.13,USD,per GPU per hour,Vast.ai,spot,1,80,gb
2026-06-10,A100,Hyperstack · Spot,1.08,USD,per GPU per hour,Hyperstack,spot,1,80,ca
2026-06-10,A100,Lambda · On-demand,1.99,USD,per GPU per hour,Lambda,on_demand,1,80,"in,us"
2026-06-10,A100,Oblivus · On-demand,1.47,USD,per GPU per hour,Oblivus,on_demand,1,80,us
2026-06-10,A100,On-demand (median),1.49,USD,per GPU per hour,,on_demand,,,
2026-06-10,A100,On-demand (min),0.78,USD,per GPU per hour,Thunder Compute,on_demand,1,80,
2026-06-10,A100,Runcrate · On-demand,1.49,USD,per GPU per hour,Runcrate,on_demand,1,80,"us,ca"
2026-06-10,A100,Runpod · On-demand,1.39,USD,per GPU per hour,Runpod,on_demand,1,80,"ro,ca"
2026-06-10,A100,Sesterce Cloud · On-demand,1.518,USD,per GPU per hour,Sesterce Cloud,on_demand,1,80,us
2026-06-10,A100,Spot (median),0.6265,USD,per GPU per hour,,spot,,,
2026-06-10,A100,Spot (min),0.13,USD,per GPU per hour,Vast.ai,spot,1,80,gb
2026-06-10,A100,Theta EdgeCloud · On-demand,1.99,USD,per GPU per hour,Theta EdgeCloud,on_demand,1,80,
2026-06-10,A100,Thunder Compute · On-demand,0.78,USD,per GPU per hour,Thunder Compute,on_demand,1,80,
2026-06-10,A100,Vast.ai · Spot,0.13,USD,per GPU per hour,Vast.ai,spot,1,80,gb
2026-06-10,A100,Verda · Spot,0.6265,USD,per GPU per hour,Verda,spot,1,80,
2026-06-10,B200,Beyond.pl · On-demand,5.1,USD,per GPU per hour,Beyond.pl,on_demand,1,180,pl
2026-06-10,B200,Cheapest,2.1385,USD,per GPU per hour,Verda,spot,2,180,
2026-06-10,B200,On-demand (median),5.1,USD,per GPU per hour,,on_demand,,,
2026-06-10,B200,On-demand (min),5.1,USD,per GPU per hour,Beyond.pl,on_demand,1,180,pl
2026-06-10,B200,Runpod · Spot,5.49,USD,per GPU per hour,Runpod,spot,1,180,"ro,us"
2026-06-10,B200,Spot (median),2.81,USD,per GPU per hour,,spot,,,
2026-06-10,B200,Spot (min),2.1385,USD,per GPU per hour,Verda,spot,2,180,
2026-06-10,B200,Vast.ai · Spot,2.81,USD,per GPU per hour,Vast.ai,spot,1,180,us
2026-06-10,B200,Verda · Spot,2.1385,USD,per GPU per hour,Verda,spot,2,180,
2026-06-10,B300,Cheapest,1.87,USD,per GPU per hour,Vast.ai,spot,8,288,us
2026-06-10,B300,On-demand (median),8.5799,USD,per GPU per hour,,on_demand,,,
2026-06-10,B300,On-demand (min),7.39,USD,per GPU per hour,Runpod,on_demand,1,288,nl
2026-06-10,B300,Runcrate · On-demand,8.48,USD,per GPU per hour,Runcrate,on_demand,1,288,fi
2026-06-10,B300,Runpod · On-demand,7.39,USD,per GPU per hour,Runpod,on_demand,1,288,nl
2026-06-10,B300,Scaleway · On-demand,8.6798,USD,per GPU per hour,Scaleway,on_demand,8,288,fr
2026-06-10,B300,Sesterce Cloud · On-demand,8.701,USD,per GPU per hour,Sesterce Cloud,on_demand,1,288,fi
2026-06-10,B300,Spot (median),2.2475,USD,per GPU per hour,,spot,,,
2026-06-10,B300,Spot (min),1.87,USD,per GPU per hour,Vast.ai,spot,8,288,us
2026-06-10,B300,Vast.ai · Spot,1.87,USD,per GPU per hour,Vast.ai,spot,8,288,us
2026-06-10,B300,Verda · Spot,2.625,USD,per GPU per hour,Verda,spot,1,288,
2026-06-10,H100,Cheapest,0.45,USD,per GPU per hour,Vast.ai,spot,1,80,jp
2026-06-10,H100,Lambda · On-demand,3.29,USD,per GPU per hour,Lambda,on_demand,1,80,us
2026-06-10,H100,Latitude.sh · On-demand,3.37,USD,per GPU per hour,Latitude.sh,on_demand,1,80,us
2026-06-10,H100,Novita AI · Spot,1.3,USD,per GPU per hour,Novita AI,spot,1,80,"is,us"
2026-06-10,H100,Oblivus · On-demand,2.178,USD,per GPU per hour,Oblivus,on_demand,1,80,us
2026-06-10,H100,On-demand (median),2.234,USD,per GPU per hour,,on_demand,,,
2026-06-10,H100,On-demand (min),1.38,USD,per GPU per hour,Thunder Compute,on_demand,1,80,
2026-06-10,H100,Runcrate · On-demand,2.09,USD,per GPU per hour,Runcrate,on_demand,1,80,"ca,us,fr"
2026-06-10,H100,Runpod · Spot,2.39,USD,per GPU per hour,Runpod,spot,1,80,us
2026-06-10,H100,Scaleway · On-demand,3.3174,USD,per GPU per hour,Scaleway,on_demand,1,80,"fr,pl"
2026-06-10,H100,Sesterce Cloud · On-demand,2.145,USD,per GPU per hour,Sesterce Cloud,on_demand,8,80,ca
2026-06-10,H100,Spot (median),1.2188,USD,per GPU per hour,,spot,,,
2026-06-10,H100,Spot (min),0.45,USD,per GPU per hour,Vast.ai,spot,1,80,jp
2026-06-10,H100,Theta EdgeCloud · On-demand,2.29,USD,per GPU per hour,Theta EdgeCloud,on_demand,1,80,
2026-06-10,H100,Thunder Compute · On-demand,1.38,USD,per GPU per hour,Thunder Compute,on_demand,1,80,
2026-06-10,H100,Vast.ai · Spot,0.45,USD,per GPU per hour,Vast.ai,spot,1,80,jp
2026-06-10,H100,Verda · Spot,1.1375,USD,per GPU per hour,Verda,spot,2,80,
2026-06-10,H200,Cheapest,0.43,USD,per GPU per hour,Vast.ai,spot,1,141,fr
2026-06-10,H200,Oblivus · On-demand,3.99,USD,per GPU per hour,Oblivus,on_demand,1,141,us
2026-06-10,H200,On-demand (median),3.24,USD,per GPU per hour,,on_demand,,,
2026-06-10,H200,On-demand (min),2.49,USD,per GPU per hour,Theta EdgeCloud,on_demand,1,141,
2026-06-10,H200,Runpod · Spot,3.99,USD,per GPU per hour,Runpod,spot,1,141,"jp,is,us,fr"
2026-06-10,H200,Spot (median),1.4,USD,per GPU per hour,,spot,,,
2026-06-10,H200,Spot (min),0.43,USD,per GPU per hour,Vast.ai,spot,1,141,fr
2026-06-10,H200,Theta EdgeCloud · On-demand,2.49,USD,per GPU per hour,Theta EdgeCloud,on_demand,1,141,
2026-06-10,H200,Vast.ai · Spot,0.43,USD,per GPU per hour,Vast.ai,spot,1,141,fr
2026-06-10,H200,Verda · Spot,1.4,USD,per GPU per hour,Verda,spot,1,141,
2026-06-11,A100,Cheapest,0.13,USD,per GPU per hour,Vast.ai,spot,1,80,gb
2026-06-11,A100,Hyperstack · Spot,1.08,USD,per GPU per hour,Hyperstack,spot,1,80,ca
2026-06-11,A100,Lambda · On-demand,1.99,USD,per GPU per hour,Lambda,on_demand,1,80,us
2026-06-11,A100,Oblivus · On-demand,1.57,USD,per GPU per hour,Oblivus,on_demand,8,80,us
2026-06-11,A100,On-demand (median),1.52,USD,per GPU per hour,,on_demand,,,
2026-06-11,A100,On-demand (min),0.78,USD,per GPU per hour,Thunder Compute,on_demand,1,80,
2026-06-11,A100,Runcrate · On-demand,1.52,USD,per GPU per hour,Runcrate,on_demand,1,80,"us,fi"
2026-06-11,A100,Runpod · On-demand,1.49,USD,per GPU per hour,Runpod,on_demand,1,80,us
2026-06-11,A100,Sesterce Cloud · On-demand,1.518,USD,per GPU per hour,Sesterce Cloud,on_demand,1,80,us
2026-06-11,A100,Spot (median),0.6265,USD,per GPU per hour,,spot,,,
2026-06-11,A100,Spot (min),0.13,USD,per GPU per hour,Vast.ai,spot,1,80,gb
2026-06-11,A100,Theta EdgeCloud · On-demand,1.99,USD,per GPU per hour,Theta EdgeCloud,on_demand,1,80,
2026-06-11,A100,Thunder Compute · On-demand,0.78,USD,per GPU per hour,Thunder Compute,on_demand,1,80,
2026-06-11,A100,Vast.ai · Spot,0.13,USD,per GPU per hour,Vast.ai,spot,1,80,gb
2026-06-11,A100,Verda · Spot,0.6265,USD,per GPU per hour,Verda,spot,1,80,
2026-06-11,B200,Beyond.pl · On-demand,5.1,USD,per GPU per hour,Beyond.pl,on_demand,1,180,pl
2026-06-11,B200,Cheapest,2.1385,USD,per GPU per hour,Verda,spot,2,180,
2026-06-11,B200,On-demand (median),5.1,USD,per GPU per hour,,on_demand,,,
2026-06-11,B200,On-demand (min),5.1,USD,per GPU per hour,Beyond.pl,on_demand,1,180,pl
2026-06-11,B200,Runpod · Spot,5.49,USD,per GPU per hour,Runpod,spot,1,180,us
2026-06-11,B200,Spot (median),2.81,USD,per GPU per hour,,spot,,,
2026-06-11,B200,Spot (min),2.1385,USD,per GPU per hour,Verda,spot,2,180,
2026-06-11,B200,Vast.ai · Spot,2.81,USD,per GPU per hour,Vast.ai,spot,1,180,us
2026-06-11,B200,Verda · Spot,2.1385,USD,per GPU per hour,Verda,spot,2,180,
2026-06-11,B300,Cheapest,1.74,USD,per GPU per hour,Vast.ai,spot,2,288,us
2026-06-11,B300,On-demand (median),8.5671,USD,per GPU per hour,,on_demand,,,
2026-06-11,B300,On-demand (min),7.39,USD,per GPU per hour,Runpod,on_demand,1,288,nl
2026-06-11,B300,Runcrate · On-demand,8.48,USD,per GPU per hour,Runcrate,on_demand,2,288,fi
2026-06-11,B300,Runpod · On-demand,7.39,USD,per GPU per hour,Runpod,on_demand,1,288,nl
2026-06-11,B300,Scaleway · On-demand,8.6542,USD,per GPU per hour,Scaleway,on_demand,8,288,fr
2026-06-11,B300,Sesterce Cloud · On-demand,8.701,USD,per GPU per hour,Sesterce Cloud,on_demand,2,288,fi
2026-06-11,B300,Spot (median),2.1825,USD,per GPU per hour,,spot,,,
2026-06-11,B300,Spot (min),1.74,USD,per GPU per hour,Vast.ai,spot,2,288,us
2026-06-11,B300,Vast.ai · Spot,1.74,USD,per GPU per hour,Vast.ai,spot,2,288,us
2026-06-11,B300,Verda · Spot,2.625,USD,per GPU per hour,Verda,spot,1,288,
2026-06-11,H100,Cheapest,0.45,USD,per GPU per hour,Vast.ai,spot,1,80,jp
2026-06-11,H100,DigitalOcean · On-demand,3.39,USD,per GPU per hour,DigitalOcean,on_demand,1,80,nl
2026-06-11,H100,Lambda · On-demand,4.19,USD,per GPU per hour,Lambda,on_demand,2,80,us
2026-06-11,H100,Latitude.sh · On-demand,3.37,USD,per GPU per hour,Latitude.sh,on_demand,1,80,us
2026-06-11,H100,Oblivus · On-demand,2.178,USD,per GPU per hour,Oblivus,on_demand,1,80,us
2026-06-11,H100,On-demand (median),2.29,USD,per GPU per hour,,on_demand,,,
2026-06-11,H100,On-demand (min),1.38,USD,per GPU per hour,Thunder Compute,on_demand,1,80,
2026-06-11,H100,Runcrate · On-demand,2.09,USD,per GPU per hour,Runcrate,on_demand,1,80,"ca,us,fr"
2026-06-11,H100,Runpod · Spot,2.99,USD,per GPU per hour,Runpod,spot,1,80,"us,in,jp,fr,ca"
2026-06-11,H100,Scaleway · On-demand,3.3077,USD,per GPU per hour,Scaleway,on_demand,1,80,"fr,pl"
2026-06-11,H100,Sesterce Cloud · On-demand,2.145,USD,per GPU per hour,Sesterce Cloud,on_demand,8,80,ca
2026-06-11,H100,Spot (median),1.1375,USD,per GPU per hour,,spot,,,
2026-06-11,H100,Spot (min),0.45,USD,per GPU per hour,Vast.ai,spot,1,80,jp
2026-06-11,H100,Theta EdgeCloud · On-demand,2.29,USD,per GPU per hour,Theta EdgeCloud,on_demand,1,80,
2026-06-11,H100,Thunder Compute · On-demand,1.38,USD,per GPU per hour,Thunder Compute,on_demand,1,80,
2026-06-11,H100,Vast.ai · Spot,0.45,USD,per GPU per hour,Vast.ai,spot,1,80,jp
2026-06-11,H100,Verda · Spot,1.1375,USD,per GPU per hour,Verda,spot,2,80,
2026-06-11,H200,Cheapest,0.66,USD,per GPU per hour,Vast.ai,spot,1,141,us
2026-06-11,H200,Oblivus · On-demand,3.99,USD,per GPU per hour,Oblivus,on_demand,1,141,us
2026-06-11,H200,On-demand (median),3.24,USD,per GPU per hour,,on_demand,,,
2026-06-11,H200,On-demand (min),2.49,USD,per GPU per hour,Theta EdgeCloud,on_demand,1,141,
2026-06-11,H200,Runpod · Spot,3.99,USD,per GPU per hour,Runpod,spot,1,141,"is,us,jp,ca,fr"
2026-06-11,H200,Spot (median),1.4,USD,per GPU per hour,,spot,,,
2026-06-11,H200,Spot (min),0.66,USD,per GPU per hour,Vast.ai,spot,1,141,us
2026-06-11,H200,Theta EdgeCloud · On-demand,2.49,USD,per GPU per hour,Theta EdgeCloud,on_demand,1,141,
2026-06-11,H200,Vast.ai · Spot,0.66,USD,per GPU per hour,Vast.ai,spot,1,141,us
2026-06-11,H200,Verda · Spot,1.4,USD,per GPU per hour,Verda,spot,1,141,
2026-06-12,A100,Cheapest,0.13,USD,per GPU per hour,Vast.ai,spot,1,80,gb
2026-06-12,A100,Hyperstack · Spot,1.08,USD,per GPU per hour,Hyperstack,spot,1,80,ca
2026-06-12,A100,Lambda · On-demand,1.99,USD,per GPU per hour,Lambda,on_demand,1,80,"us,in"
2026-06-12,A100,Oblivus · On-demand,1.47,USD,per GPU per hour,Oblivus,on_demand,1,80,us
2026-06-12,A100,On-demand (median),1.54,USD,per GPU per hour,,on_demand,,,
2026-06-12,A100,On-demand (min),0.78,USD,per GPU per hour,Thunder Compute,on_demand,1,80,
2026-06-12,A100,Runcrate · On-demand,1.54,USD,per GPU per hour,Runcrate,on_demand,1,80,"fi,us"
2026-06-12,A100,Runpod · On-demand,1.39,USD,per GPU per hour,Runpod,on_demand,1,80,ca
2026-06-12,A100,Sesterce Cloud · On-demand,1.54,USD,per GPU per hour,Sesterce Cloud,on_demand,8,80,ca
2026-06-12,A100,Spot (median),0.6265,USD,per GPU per hour,,spot,,,
2026-06-12,A100,Spot (min),0.13,USD,per GPU per hour,Vast.ai,spot,1,80,gb
2026-06-12,A100,Theta EdgeCloud · On-demand,1.99,USD,per GPU per hour,Theta EdgeCloud,on_demand,1,80,
2026-06-12,A100,Thunder Compute · On-demand,0.78,USD,per GPU per hour,Thunder Compute,on_demand,1,80,
2026-06-12,A100,Vast.ai · Spot,0.13,USD,per GPU per hour,Vast.ai,spot,1,80,gb
2026-06-12,A100,Verda · Spot,0.6265,USD,per GPU per hour,Verda,spot,1,80,
2026-06-12,B200,Beyond.pl · On-demand,5.1,USD,per GPU per hour,Beyond.pl,on_demand,1,180,pl
2026-06-12,B200,Cheapest,2.1385,USD,per GPU per hour,Verda,spot,2,180,
2026-06-12,B200,On-demand (median),7.17,USD,per GPU per hour,,on_demand,,,
2026-06-12,B200,On-demand (min),5.1,USD,per GPU per hour,Beyond.pl,on_demand,1,180,pl
2026-06-12,B200,Runcrate · On-demand,7.17,USD,per GPU per hour,Runcrate,on_demand,2,180,fi
2026-06-12,B200,Runpod · Spot,5.49,USD,per GPU per hour,Runpod,spot,1,180,"ro,us"
2026-06-12,B200,Sesterce Cloud · On-demand,7.172,USD,per GPU per hour,Sesterce Cloud,on_demand,2,180,fi
2026-06-12,B200,Spot (median),2.81,USD,per GPU per hour,,spot,,,
2026-06-12,B200,Spot (min),2.1385,USD,per GPU per hour,Verda,spot,2,180,
2026-06-12,B200,Vast.ai · Spot,2.81,USD,per GPU per hour,Vast.ai,spot,1,180,us
2026-06-12,B200,Verda · Spot,2.1385,USD,per GPU per hour,Verda,spot,2,180,
2026-06-12,B300,Cheapest,1.74,USD,per GPU per hour,Vast.ai,spot,4,288,us
2026-06-12,B300,On-demand (median),8.5664,USD,per GPU per hour,,on_demand,,,
2026-06-12,B300,On-demand (min),7.39,USD,per GPU per hour,Runpod,on_demand,1,288,nl
2026-06-12,B300,Runcrate · On-demand,8.48,USD,per GPU per hour,Runcrate,on_demand,1,288,fi
2026-06-12,B300,Runpod · On-demand,7.39,USD,per GPU per hour,Runpod,on_demand,1,288,nl
2026-06-12,B300,Scaleway · On-demand,8.6527,USD,per GPU per hour,Scaleway,on_demand,8,288,fr
2026-06-12,B300,Sesterce Cloud · On-demand,8.701,USD,per GPU per hour,Sesterce Cloud,on_demand,1,288,fi
2026-06-12,B300,Spot (median),2.1825,USD,per GPU per hour,,spot,,,
2026-06-12,B300,Spot (min),1.74,USD,per GPU per hour,Vast.ai,spot,4,288,us
2026-06-12,B300,Vast.ai · Spot,1.74,USD,per GPU per hour,Vast.ai,spot,4,288,us
2026-06-12,B300,Verda · Spot,2.625,USD,per GPU per hour,Verda,spot,1,288,
2026-06-12,H100,Cheapest,0.4,USD,per GPU per hour,Vast.ai,spot,2,80,gb
2026-06-12,H100,Lambda · On-demand,4.09,USD,per GPU per hour,Lambda,on_demand,4,80,us
2026-06-12,H100,Latitude.sh · On-demand,3.37,USD,per GPU per hour,Latitude.sh,on_demand,1,80,us
2026-06-12,H100,Novita AI · Spot,1.3,USD,per GPU per hour,Novita AI,spot,1,80,"is,us"
2026-06-12,H100,Oblivus · On-demand,2.178,USD,per GPU per hour,Oblivus,on_demand,1,80,us
2026-06-12,H100,On-demand (median),2.234,USD,per GPU per hour,,on_demand,,,
2026-06-12,H100,On-demand (min),1.38,USD,per GPU per hour,Thunder Compute,on_demand,1,80,
2026-06-12,H100,Runcrate · On-demand,2.09,USD,per GPU per hour,Runcrate,on_demand,1,80,"ca,us,fr"
2026-06-12,H100,Runpod · Spot,2.99,USD,per GPU per hour,Runpod,spot,1,80,"us,in,jp,fr,ca,is,no"
2026-06-12,H100,Scaleway · On-demand,3.3071,USD,per GPU per hour,Scaleway,on_demand,1,80,"fr,pl"
2026-06-12,H100,Sesterce Cloud · On-demand,2.145,USD,per GPU per hour,Sesterce Cloud,on_demand,8,80,ca
2026-06-12,H100,Spot (median),1.2188,USD,per GPU per hour,,spot,,,
2026-06-12,H100,Spot (min),0.4,USD,per GPU per hour,Vast.ai,spot,2,80,gb
2026-06-12,H100,Theta EdgeCloud · On-demand,2.29,USD,per GPU per hour,Theta EdgeCloud,on_demand,1,80,
2026-06-12,H100,Thunder Compute · On-demand,1.38,USD,per GPU per hour,Thunder Compute,on_demand,1,80,
2026-06-12,H100,Vast.ai · Spot,0.4,USD,per GPU per hour,Vast.ai,spot,2,80,gb
2026-06-12,H100,Verda · Spot,1.1375,USD,per GPU per hour,Verda,spot,2,80,
2026-06-12,H200,Cheapest,0.66,USD,per GPU per hour,Vast.ai,spot,1,141,us
2026-06-12,H200,Oblivus · On-demand,3.99,USD,per GPU per hour,Oblivus,on_demand,1,141,us
2026-06-12,H200,On-demand (median),3.885,USD,per GPU per hour,,on_demand,,,
2026-06-12,H200,On-demand (min),2.49,USD,per GPU per hour,Theta EdgeCloud,on_demand,1,141,
2026-06-12,H200,Runcrate · On-demand,3.78,USD,per GPU per hour,Runcrate,on_demand,1,141,"us,fi"
2026-06-12,H200,Runpod · Spot,3.99,USD,per GPU per hour,Runpod,spot,1,141,"is,us,jp,ca,fr"
2026-06-12,H200,Sesterce Cloud · On-demand,4.851,USD,per GPU per hour,Sesterce Cloud,on_demand,1,141,fi
2026-06-12,H200,Spot (median),1.4,USD,per GPU per hour,,spot,,,
2026-06-12,H200,Spot (min),0.66,USD,per GPU per hour,Vast.ai,spot,1,141,us
2026-06-12,H200,Theta EdgeCloud · On-demand,2.49,USD,per GPU per hour,Theta EdgeCloud,on_demand,1,141,
2026-06-12,H200,Vast.ai · Spot,0.66,USD,per GPU per hour,Vast.ai,spot,1,141,us
2026-06-12,H200,Verda · Spot,1.4,USD,per GPU per hour,Verda,spot,1,141,
2026-06-13,A100,Cheapest,0.13,USD,per GPU per hour,Vast.ai,spot,1,80,gb
2026-06-13,A100,Hyperstack · Spot,1.08,USD,per GPU per hour,Hyperstack,spot,1,80,ca
2026-06-13,A100,Lambda · On-demand,1.99,USD,per GPU per hour,Lambda,on_demand,1,80,"us,in"
2026-06-13,A100,Oblivus · On-demand,1.47,USD,per GPU per hour,Oblivus,on_demand,1,80,us
2026-06-13,A100,On-demand (median),1.49,USD,per GPU per hour,,on_demand,,,
2026-06-13,A100,On-demand (min),0.78,USD,per GPU per hour,Thunder Compute,on_demand,1,80,
2026-06-13,A100,Runcrate · On-demand,1.49,USD,per GPU per hour,Runcrate,on_demand,1,80,"us,ca"
2026-06-13,A100,Runpod · On-demand,1.39,USD,per GPU per hour,Runpod,on_demand,1,80,"ca,us,ro"
2026-06-13,A100,Sesterce Cloud · On-demand,1.518,USD,per GPU per hour,Sesterce Cloud,on_demand,1,80,us
2026-06-13,A100,Spot (median),0.6265,USD,per GPU per hour,,spot,,,
2026-06-13,A100,Spot (min),0.13,USD,per GPU per hour,Vast.ai,spot,1,80,gb
2026-06-13,A100,Theta EdgeCloud · On-demand,1.99,USD,per GPU per hour,Theta EdgeCloud,on_demand,1,80,
2026-06-13,A100,Thunder Compute · On-demand,0.78,USD,per GPU per hour,Thunder Compute,on_demand,1,80,
2026-06-13,A100,Vast.ai · Spot,0.13,USD,per GPU per hour,Vast.ai,spot,1,80,gb
2026-06-13,A100,Verda · Spot,0.6265,USD,per GPU per hour,Verda,spot,1,80,
2026-06-13,B200,Beyond.pl · On-demand,5.1,USD,per GPU per hour,Beyond.pl,on_demand,1,180,pl
2026-06-13,B200,Cheapest,2.1385,USD,per GPU per hour,Verda,spot,2,180,
2026-06-13,B200,On-demand (median),7.0592,USD,per GPU per hour,,on_demand,,,
2026-06-13,B200,On-demand (min),5.1,USD,per GPU per hour,Beyond.pl,on_demand,1,180,pl
2026-06-13,B200,Runcrate · On-demand,7.06,USD,per GPU per hour,Runcrate,on_demand,1,180,fi
2026-06-13,B200,Runpod · Spot,5.49,USD,per GPU per hour,Runpod,spot,1,180,"ro,us"
2026-06-13,B200,Sesterce Cloud · On-demand,7.0592,USD,per GPU per hour,Sesterce Cloud,on_demand,4,180,fi
2026-06-13,B200,Spot (median),2.81,USD,per GPU per hour,,spot,,,
2026-06-13,B200,Spot (min),2.1385,USD,per GPU per hour,Verda,spot,2,180,
2026-06-13,B200,Vast.ai · Spot,2.81,USD,per GPU per hour,Vast.ai,spot,1,180,us
2026-06-13,B200,Verda · Spot,2.1385,USD,per GPU per hour,Verda,spot,2,180,
2026-06-13,B300,Cheapest,1.88,USD,per GPU per hour,Vast.ai,spot,2,288,us
2026-06-13,B300,On-demand (median),8.5776,USD,per GPU per hour,,on_demand,,,
2026-06-13,B300,On-demand (min),7.39,USD,per GPU per hour,Runpod,on_demand,1,288,nl
2026-06-13,B300,Runcrate · On-demand,8.48,USD,per GPU per hour,Runcrate,on_demand,1,288,fi
2026-06-13,B300,Runpod · On-demand,7.39,USD,per GPU per hour,Runpod,on_demand,1,288,nl
2026-06-13,B300,Scaleway · On-demand,8.6753,USD,per GPU per hour,Scaleway,on_demand,8,288,fr
2026-06-13,B300,Sesterce Cloud · On-demand,8.701,USD,per GPU per hour,Sesterce Cloud,on_demand,1,288,fi
2026-06-13,B300,Spot (median),2.2525,USD,per GPU per hour,,spot,,,
2026-06-13,B300,Spot (min),1.88,USD,per GPU per hour,Vast.ai,spot,2,288,us
2026-06-13,B300,Vast.ai · Spot,1.88,USD,per GPU per hour,Vast.ai,spot,2,288,us
2026-06-13,B300,Verda · Spot,2.625,USD,per GPU per hour,Verda,spot,1,288,
2026-06-13,H100,Cheapest,0.38,USD,per GPU per hour,Vast.ai,spot,2,80,gb
2026-06-13,H100,Lambda · On-demand,3.29,USD,per GPU per hour,Lambda,on_demand,1,80,us
2026-06-13,H100,Latitude.sh · On-demand,3.37,USD,per GPU per hour,Latitude.sh,on_demand,1,80,us
2026-06-13,H100,Novita AI · Spot,1.3,USD,per GPU per hour,Novita AI,spot,1,80,"is,us"
2026-06-13,H100,Oblivus · On-demand,2.178,USD,per GPU per hour,Oblivus,on_demand,1,80,us
2026-06-13,H100,On-demand (median),2.234,USD,per GPU per hour,,on_demand,,,
2026-06-13,H100,On-demand (min),1.38,USD,per GPU per hour,Thunder Compute,on_demand,1,80,
2026-06-13,H100,Runcrate · On-demand,2.09,USD,per GPU per hour,Runcrate,on_demand,1,80,"ca,us,fr"
2026-06-13,H100,Runpod · Spot,2.39,USD,per GPU per hour,Runpod,spot,1,80,"ca,us"
2026-06-13,H100,Scaleway · On-demand,3.3157,USD,per GPU per hour,Scaleway,on_demand,1,80,"fr,pl"
2026-06-13,H100,Sesterce Cloud · On-demand,2.145,USD,per GPU per hour,Sesterce Cloud,on_demand,8,80,ca
2026-06-13,H100,Spot (median),1.2188,USD,per GPU per hour,,spot,,,
2026-06-13,H100,Spot (min),0.38,USD,per GPU per hour,Vast.ai,spot,2,80,gb
2026-06-13,H100,Theta EdgeCloud · On-demand,2.29,USD,per GPU per hour,Theta EdgeCloud,on_demand,1,80,
2026-06-13,H100,Thunder Compute · On-demand,1.38,USD,per GPU per hour,Thunder Compute,on_demand,1,80,
2026-06-13,H100,Vast.ai · Spot,0.38,USD,per GPU per hour,Vast.ai,spot,2,80,gb
2026-06-13,H100,Verda · Spot,1.1375,USD,per GPU per hour,Verda,spot,2,80,
2026-06-13,H200,Cheapest,0.43,USD,per GPU per hour,Vast.ai,spot,1,141,us
2026-06-13,H200,Oblivus · On-demand,3.99,USD,per GPU per hour,Oblivus,on_demand,1,141,us
2026-06-13,H200,On-demand (median),4.3078,USD,per GPU per hour,,on_demand,,,
2026-06-13,H200,On-demand (min),2.49,USD,per GPU per hour,Theta EdgeCloud,on_demand,1,141,
2026-06-13,H200,Runcrate · On-demand,4.63,USD,per GPU per hour,Runcrate,on_demand,1,141,fi
2026-06-13,H200,Runpod · Spot,3.99,USD,per GPU per hour,Runpod,spot,1,141,"is,us,ca,jp,fr"
2026-06-13,H200,Sesterce Cloud · On-demand,4.6255,USD,per GPU per hour,Sesterce Cloud,on_demand,4,141,fi
2026-06-13,H200,Spot (median),1.4,USD,per GPU per hour,,spot,,,
2026-06-13,H200,Spot (min),0.43,USD,per GPU per hour,Vast.ai,spot,1,141,us
2026-06-13,H200,Theta EdgeCloud · On-demand,2.49,USD,per GPU per hour,Theta EdgeCloud,on_demand,1,141,
2026-06-13,H200,Vast.ai · Spot,0.43,USD,per GPU per hour,Vast.ai,spot,1,141,us
2026-06-13,H200,Verda · Spot,1.4,USD,per GPU per hour,Verda,spot,1,141,
2026-06-14,A100,Cheapest,0.13,USD,per GPU per hour,Vast.ai,spot,1,80,gb
2026-06-14,A100,Hyperstack · Spot,1.08,USD,per GPU per hour,Hyperstack,spot,1,80,ca
2026-06-14,A100,Lambda · On-demand,1.99,USD,per GPU per hour,Lambda,on_demand,1,80,"us,in"
2026-06-14,A100,Oblivus · On-demand,1.47,USD,per GPU per hour,Oblivus,on_demand,1,80,us
2026-06-14,A100,On-demand (median),1.49,USD,per GPU per hour,,on_demand,,,
2026-06-14,A100,On-demand (min),0.78,USD,per GPU per hour,Thunder Compute,on_demand,1,80,
2026-06-14,A100,Runcrate · On-demand,1.49,USD,per GPU per hour,Runcrate,on_demand,1,80,"us,ca"
2026-06-14,A100,Runpod · On-demand,1.39,USD,per GPU per hour,Runpod,on_demand,1,80,"ca,ro,us"
2026-06-14,A100,Sesterce Cloud · On-demand,1.518,USD,per GPU per hour,Sesterce Cloud,on_demand,1,80,us
2026-06-14,A100,Spot (median),0.6265,USD,per GPU per hour,,spot,,,
2026-06-14,A100,Spot (min),0.13,USD,per GPU per hour,Vast.ai,spot,1,80,gb
2026-06-14,A100,Theta EdgeCloud · On-demand,1.99,USD,per GPU per hour,Theta EdgeCloud,on_demand,1,80,
2026-06-14,A100,Thunder Compute · On-demand,0.78,USD,per GPU per hour,Thunder Compute,on_demand,1,80,
2026-06-14,A100,Vast.ai · Spot,0.13,USD,per GPU per hour,Vast.ai,spot,1,80,gb
2026-06-14,A100,Verda · Spot,0.6265,USD,per GPU per hour,Verda,spot,1,80,
2026-06-14,B200,Beyond.pl · On-demand,5.1,USD,per GPU per hour,Beyond.pl,on_demand,1,180,pl
2026-06-14,B200,Cheapest,2.1385,USD,per GPU per hour,Verda,spot,2,180,
2026-06-14,B200,On-demand (median),7.17,USD,per GPU per hour,,on_demand,,,
2026-06-14,B200,On-demand (min),5.1,USD,per GPU per hour,Beyond.pl,on_demand,1,180,pl
2026-06-14,B200,Runcrate · On-demand,7.17,USD,per GPU per hour,Runcrate,on_demand,1,180,fi
2026-06-14,B200,Runpod · Spot,5.49,USD,per GPU per hour,Runpod,spot,1,180,"ro,us"
2026-06-14,B200,Sesterce Cloud · On-demand,7.172,USD,per GPU per hour,Sesterce Cloud,on_demand,1,180,fi
2026-06-14,B200,Spot (median),2.81,USD,per GPU per hour,,spot,,,
2026-06-14,B200,Spot (min),2.1385,USD,per GPU per hour,Verda,spot,2,180,
2026-06-14,B200,Vast.ai · Spot,2.81,USD,per GPU per hour,Vast.ai,spot,1,180,us
2026-06-14,B200,Verda · Spot,2.1385,USD,per GPU per hour,Verda,spot,2,180,
2026-06-14,B300,Cheapest,2.44,USD,per GPU per hour,Vast.ai,spot,4,288,us
2026-06-14,B300,On-demand (median),8.5341,USD,per GPU per hour,,on_demand,,,
2026-06-14,B300,On-demand (min),7.39,USD,per GPU per hour,Runpod,on_demand,1,288,nl
2026-06-14,B300,Runcrate · On-demand,8.48,USD,per GPU per hour,Runcrate,on_demand,1,288,fi
2026-06-14,B300,Runpod · On-demand,7.39,USD,per GPU per hour,Runpod,on_demand,1,288,nl
2026-06-14,B300,Scaleway · On-demand,8.6753,USD,per GPU per hour,Scaleway,on_demand,8,288,fr
2026-06-14,B300,Sesterce Cloud · On-demand,8.5883,USD,per GPU per hour,Sesterce Cloud,on_demand,4,288,fi
2026-06-14,B300,Spot (median),2.5325,USD,per GPU per hour,,spot,,,
2026-06-14,B300,Spot (min),2.44,USD,per GPU per hour,Vast.ai,spot,4,288,us
2026-06-14,B300,Vast.ai · Spot,2.44,USD,per GPU per hour,Vast.ai,spot,4,288,us
2026-06-14,B300,Verda · Spot,2.625,USD,per GPU per hour,Verda,spot,1,288,
2026-06-14,H100,Cheapest,0.43,USD,per GPU per hour,Vast.ai,spot,1,80,jp
2026-06-14,H100,Lambda · On-demand,3.29,USD,per GPU per hour,Lambda,on_demand,1,80,us
2026-06-14,H100,Latitude.sh · On-demand,3.37,USD,per GPU per hour,Latitude.sh,on_demand,1,80,us
2026-06-14,H100,Novita AI · Spot,1.3,USD,per GPU per hour,Novita AI,spot,1,80,"is,us"
2026-06-14,H100,Oblivus · On-demand,2.178,USD,per GPU per hour,Oblivus,on_demand,1,80,us
2026-06-14,H100,On-demand (median),2.234,USD,per GPU per hour,,on_demand,,,
2026-06-14,H100,On-demand (min),1.38,USD,per GPU per hour,Thunder Compute,on_demand,1,80,
2026-06-14,H100,Runcrate · On-demand,2.09,USD,per GPU per hour,Runcrate,on_demand,1,80,"ca,us,fr,pl"
2026-06-14,H100,Runpod · Spot,2.99,USD,per GPU per hour,Runpod,spot,1,80,"us,in,jp,fr,ca,nl,is,no"
2026-06-14,H100,Scaleway · On-demand,3.3157,USD,per GPU per hour,Scaleway,on_demand,1,80,"fr,pl"
2026-06-14,H100,Sesterce Cloud · On-demand,2.145,USD,per GPU per hour,Sesterce Cloud,on_demand,8,80,ca
2026-06-14,H100,Spot (median),1.2188,USD,per GPU per hour,,spot,,,
2026-06-14,H100,Spot (min),0.43,USD,per GPU per hour,Vast.ai,spot,1,80,jp
2026-06-14,H100,Theta EdgeCloud · On-demand,2.29,USD,per GPU per hour,Theta EdgeCloud,on_demand,1,80,
2026-06-14,H100,Thunder Compute · On-demand,1.38,USD,per GPU per hour,Thunder Compute,on_demand,1,80,
2026-06-14,H100,Vast.ai · Spot,0.43,USD,per GPU per hour,Vast.ai,spot,1,80,jp
2026-06-14,H100,Verda · Spot,1.1375,USD,per GPU per hour,Verda,spot,2,80,
2026-06-14,H200,Cheapest,0.43,USD,per GPU per hour,Vast.ai,spot,1,141,us
2026-06-14,H200,Oblivus · On-demand,3.99,USD,per GPU per hour,Oblivus,on_demand,1,141,us
2026-06-14,H200,On-demand (median),4.3078,USD,per GPU per hour,,on_demand,,,
2026-06-14,H200,On-demand (min),2.49,USD,per GPU per hour,Theta EdgeCloud,on_demand,1,141,
2026-06-14,H200,Runcrate · On-demand,4.63,USD,per GPU per hour,Runcrate,on_demand,1,141,fi
2026-06-14,H200,Runpod · Spot,3.99,USD,per GPU per hour,Runpod,spot,1,141,"ca,is,us,jp"
2026-06-14,H200,Sesterce Cloud · On-demand,4.6255,USD,per GPU per hour,Sesterce Cloud,on_demand,4,141,fi
2026-06-14,H200,Spot (median),1.4,USD,per GPU per hour,,spot,,,
2026-06-14,H200,Spot (min),0.43,USD,per GPU per hour,Vast.ai,spot,1,141,us
2026-06-14,H200,Theta EdgeCloud · On-demand,2.49,USD,per GPU per hour,Theta EdgeCloud,on_demand,1,141,
2026-06-14,H200,Vast.ai · Spot,0.43,USD,per GPU per hour,Vast.ai,spot,1,141,us
2026-06-14,H200,Verda · Spot,1.4,USD,per GPU per hour,Verda,spot,1,141,
2026-06-15,A100,Cheapest,0.13,USD,per GPU per hour,Vast.ai,spot,1,80,sg
2026-06-15,A100,Lambda · On-demand,1.99,USD,per GPU per hour,Lambda,on_demand,1,80,"us,in"
2026-06-15,A100,Oblivus · On-demand,1.57,USD,per GPU per hour,Oblivus,on_demand,8,80,us
2026-06-15,A100,On-demand (median),1.518,USD,per GPU per hour,,on_demand,,,
2026-06-15,A100,On-demand (min),0.78,USD,per GPU per hour,Thunder Compute,on_demand,1,80,
2026-06-15,A100,Runcrate · On-demand,1.49,USD,per GPU per hour,Runcrate,on_demand,1,80,"us,ca"
2026-06-15,A100,Runpod · On-demand,1.39,USD,per GPU per hour,Runpod,on_demand,1,80,ro
2026-06-15,A100,Sesterce Cloud · On-demand,1.518,USD,per GPU per hour,Sesterce Cloud,on_demand,1,80,us
2026-06-15,A100,Spot (median),0.3782,USD,per GPU per hour,,spot,,,
2026-06-15,A100,Spot (min),0.13,USD,per GPU per hour,Vast.ai,spot,1,80,sg
2026-06-15,A100,Theta EdgeCloud · On-demand,1.99,USD,per GPU per hour,Theta EdgeCloud,on_demand,1,80,
2026-06-15,A100,Thunder Compute · On-demand,0.78,USD,per GPU per hour,Thunder Compute,on_demand,1,80,
2026-06-15,A100,Vast.ai · Spot,0.13,USD,per GPU per hour,Vast.ai,spot,1,80,sg
2026-06-15,A100,Verda · Spot,0.6265,USD,per GPU per hour,Verda,spot,1,80,
2026-06-15,B200,Beyond.pl · On-demand,5.1,USD,per GPU per hour,Beyond.pl,on_demand,1,180,pl
2026-06-15,B200,Cheapest,2.1385,USD,per GPU per hour,Verda,spot,2,180,
2026-06-15,B200,On-demand (median),5.1,USD,per GPU per hour,,on_demand,,,
2026-06-15,B200,On-demand (min),5.1,USD,per GPU per hour,Beyond.pl,on_demand,1,180,pl
2026-06-15,B200,Runpod · Spot,5.49,USD,per GPU per hour,Runpod,spot,1,180,us
2026-06-15,B200,Spot (median),2.81,USD,per GPU per hour,,spot,,,
2026-06-15,B200,Spot (min),2.1385,USD,per GPU per hour,Verda,spot,2,180,
2026-06-15,B200,Vast.ai · Spot,2.81,USD,per GPU per hour,Vast.ai,spot,1,180,us
2026-06-15,B200,Verda · Spot,2.1385,USD,per GPU per hour,Verda,spot,2,180,
2026-06-15,B300,Cheapest,1.88,USD,per GPU per hour,Vast.ai,spot,2,288,us
2026-06-15,B300,On-demand (median),8.5905,USD,per GPU per hour,,on_demand,,,
2026-06-15,B300,On-demand (min),7.39,USD,per GPU per hour,Runpod,on_demand,1,288,
2026-06-15,B300,Runcrate · On-demand,8.48,USD,per GPU per hour,Runcrate,on_demand,1,288,fi
2026-06-15,B300,Runpod · On-demand,7.39,USD,per GPU per hour,Runpod,on_demand,1,288,
2026-06-15,B300,Scaleway · On-demand,8.7052,USD,per GPU per hour,Scaleway,on_demand,8,288,fr
2026-06-15,B300,Sesterce Cloud · On-demand,8.701,USD,per GPU per hour,Sesterce Cloud,on_demand,1,288,fi
2026-06-15,B300,Spot (median),2.2525,USD,per GPU per hour,,spot,,,
2026-06-15,B300,Spot (min),1.88,USD,per GPU per hour,Vast.ai,spot,2,288,us
2026-06-15,B300,Vast.ai · Spot,1.88,USD,per GPU per hour,Vast.ai,spot,2,288,us
2026-06-15,B300,Verda · Spot,2.625,USD,per GPU per hour,Verda,spot,1,288,
2026-06-15,H100,Cheapest,0.45,USD,per GPU per hour,Vast.ai,spot,1,80,jp
2026-06-15,H100,Lambda · On-demand,3.29,USD,per GPU per hour,Lambda,on_demand,1,80,us
2026-06-15,H100,Latitude.sh · On-demand,3.37,USD,per GPU per hour,Latitude.sh,on_demand,1,80,us
2026-06-15,H100,Oblivus · On-demand,2.178,USD,per GPU per hour,Oblivus,on_demand,1,80,us
2026-06-15,H100,On-demand (median),2.234,USD,per GPU per hour,,on_demand,,,
2026-06-15,H100,On-demand (min),1.38,USD,per GPU per hour,Thunder Compute,on_demand,1,80,
2026-06-15,H100,Runcrate · On-demand,2.09,USD,per GPU per hour,Runcrate,on_demand,1,80,"ca,us"
2026-06-15,H100,Runpod · Spot,2.99,USD,per GPU per hour,Runpod,spot,1,80,"us,in,jp,fr,ca,nl,is,no"
2026-06-15,H100,Scaleway · On-demand,3.3157,USD,per GPU per hour,Scaleway,on_demand,1,80,"fr,pl"
2026-06-15,H100,Sesterce Cloud · On-demand,2.145,USD,per GPU per hour,Sesterce Cloud,on_demand,8,80,ca
2026-06-15,H100,Spot (median),1.1375,USD,per GPU per hour,,spot,,,
2026-06-15,H100,Spot (min),0.45,USD,per GPU per hour,Vast.ai,spot,1,80,jp
2026-06-15,H100,Theta EdgeCloud · On-demand,2.29,USD,per GPU per hour,Theta EdgeCloud,on_demand,1,80,
2026-06-15,H100,Thunder Compute · On-demand,1.38,USD,per GPU per hour,Thunder Compute,on_demand,1,80,
2026-06-15,H100,Vast.ai · Spot,0.45,USD,per GPU per hour,Vast.ai,spot,1,80,jp
2026-06-15,H100,Verda · Spot,1.1375,USD,per GPU per hour,Verda,spot,2,80,
2026-06-15,H200,Cheapest,1.4,USD,per GPU per hour,Verda,spot,1,141,
2026-06-15,H200,Oblivus · On-demand,3.99,USD,per GPU per hour,Oblivus,on_demand,1,141,us
2026-06-15,H200,On-demand (median),4.3078,USD,per GPU per hour,,on_demand,,,
2026-06-15,H200,On-demand (min),2.49,USD,per GPU per hour,Theta EdgeCloud,on_demand,1,141,
2026-06-15,H200,Runcrate · On-demand,4.63,USD,per GPU per hour,Runcrate,on_demand,4,141,fi
2026-06-15,H200,Runpod · Spot,3.99,USD,per GPU per hour,Runpod,spot,1,141,"ca,is,us,jp"
2026-06-15,H200,Sesterce Cloud · On-demand,4.6255,USD,per GPU per hour,Sesterce Cloud,on_demand,4,141,fi
2026-06-15,H200,Spot (median),1.66,USD,per GPU per hour,,spot,,,
2026-06-15,H200,Spot (min),1.4,USD,per GPU per hour,Verda,spot,1,141,
2026-06-15,H200,Theta EdgeCloud · On-demand,2.49,USD,per GPU per hour,Theta EdgeCloud,on_demand,1,141,
2026-06-15,H200,Vast.ai · Spot,1.66,USD,per GPU per hour,Vast.ai,spot,1,141,jp
2026-06-15,H200,Verda · Spot,1.4,USD,per GPU per hour,Verda,spot,1,141,
2026-06-16,A100,Cheapest,0.6265,USD,per GPU per hour,Verda,spot,1,80,
2026-06-16,A100,Hyperstack · Spot,1.08,USD,per GPU per hour,Hyperstack,spot,1,80,ca
2026-06-16,A100,Lambda · On-demand,1.99,USD,per GPU per hour,Lambda,on_demand,1,80,us
2026-06-16,A100,Oblivus · On-demand,1.47,USD,per GPU per hour,Oblivus,on_demand,1,80,us
2026-06-16,A100,On-demand (median),1.49,USD,per GPU per hour,,on_demand,,,
2026-06-16,A100,On-demand (min),0.78,USD,per GPU per hour,Thunder Compute,on_demand,1,80,
2026-06-16,A100,Runcrate · On-demand,1.49,USD,per GPU per hour,Runcrate,on_demand,1,80,"ca,us"
2026-06-16,A100,Runpod · On-demand,1.39,USD,per GPU per hour,Runpod,on_demand,1,80,"ca,us"
2026-06-16,A100,Sesterce Cloud · On-demand,1.518,USD,per GPU per hour,Sesterce Cloud,on_demand,1,80,us
2026-06-16,A100,Spot (median),0.8533,USD,per GPU per hour,,spot,,,
2026-06-16,A100,Spot (min),0.6265,USD,per GPU per hour,Verda,spot,1,80,
2026-06-16,A100,Theta EdgeCloud · On-demand,1.99,USD,per GPU per hour,Theta EdgeCloud,on_demand,1,80,
2026-06-16,A100,Thunder Compute · On-demand,0.78,USD,per GPU per hour,Thunder Compute,on_demand,1,80,
2026-06-16,A100,Verda · Spot,0.6265,USD,per GPU per hour,Verda,spot,1,80,
2026-06-16,B200,Beyond.pl · On-demand,5.1,USD,per GPU per hour,Beyond.pl,on_demand,1,180,pl
2026-06-16,B200,Cheapest,2.1385,USD,per GPU per hour,Verda,spot,2,180,
2026-06-16,B200,Hyperstack · On-demand,3.5,USD,per GPU per hour,Hyperstack,on_demand,8,180,ca
2026-06-16,B200,On-demand (median),6.135,USD,per GPU per hour,,on_demand,,,
2026-06-16,B200,On-demand (min),3.5,USD,per GPU per hour,Hyperstack,on_demand,8,180,ca
2026-06-16,B200,Runcrate · On-demand,7.17,USD,per GPU per hour,Runcrate,on_demand,1,180,fi
2026-06-16,B200,Runpod · Spot,5.49,USD,per GPU per hour,Runpod,spot,1,180,"ro,us"
2026-06-16,B200,Sesterce Cloud · On-demand,7.172,USD,per GPU per hour,Sesterce Cloud,on_demand,1,180,fi
2026-06-16,B200,Spot (median),3.8143,USD,per GPU per hour,,spot,,,
2026-06-16,B200,Spot (min),2.1385,USD,per GPU per hour,Verda,spot,2,180,
2026-06-16,B200,Verda · Spot,2.1385,USD,per GPU per hour,Verda,spot,2,180,
2026-06-16,B300,Cheapest,2.625,USD,per GPU per hour,Verda,spot,1,288,
2026-06-16,B300,On-demand (median),8.5341,USD,per GPU per hour,,on_demand,,,
2026-06-16,B300,On-demand (min),7.39,USD,per GPU per hour,Runpod,on_demand,1,288,nl
2026-06-16,B300,Runcrate · On-demand,8.48,USD,per GPU per hour,Runcrate,on_demand,1,288,fi
2026-06-16,B300,Runpod · On-demand,7.39,USD,per GPU per hour,Runpod,on_demand,1,288,nl
2026-06-16,B300,Scaleway · On-demand,8.6955,USD,per GPU per hour,Scaleway,on_demand,8,288,fr
2026-06-16,B300,Sesterce Cloud · On-demand,8.5883,USD,per GPU per hour,Sesterce Cloud,on_demand,4,288,fi
2026-06-16,B300,Spot (median),2.625,USD,per GPU per hour,,spot,,,
2026-06-16,B300,Spot (min),2.625,USD,per GPU per hour,Verda,spot,1,288,
2026-06-16,B300,Verda · Spot,2.625,USD,per GPU per hour,Verda,spot,1,288,
2026-06-16,H100,Cheapest,1.1375,USD,per GPU per hour,Verda,spot,2,80,
2026-06-16,H100,Lambda · On-demand,3.29,USD,per GPU per hour,Lambda,on_demand,1,80,us
2026-06-16,H100,Oblivus · On-demand,2.178,USD,per GPU per hour,Oblivus,on_demand,1,80,us
2026-06-16,H100,On-demand (median),2.29,USD,per GPU per hour,,on_demand,,,
2026-06-16,H100,On-demand (min),1.38,USD,per GPU per hour,Thunder Compute,on_demand,1,80,
2026-06-16,H100,Runcrate · On-demand,2.09,USD,per GPU per hour,Runcrate,on_demand,1,80,"ca,us"
2026-06-16,H100,Runpod · Spot,2.39,USD,per GPU per hour,Runpod,spot,1,80,us
2026-06-16,H100,Scaleway · On-demand,3.3234,USD,per GPU per hour,Scaleway,on_demand,1,80,"fr,pl"
2026-06-16,H100,Sesterce Cloud · On-demand,4.499,USD,per GPU per hour,Sesterce Cloud,on_demand,4,80,us
2026-06-16,H100,Spot (median),1.7637,USD,per GPU per hour,,spot,,,
2026-06-16,H100,Spot (min),1.1375,USD,per GPU per hour,Verda,spot,2,80,
2026-06-16,H100,Theta EdgeCloud · On-demand,2.29,USD,per GPU per hour,Theta EdgeCloud,on_demand,1,80,
2026-06-16,H100,Thunder Compute · On-demand,1.38,USD,per GPU per hour,Thunder Compute,on_demand,1,80,
2026-06-16,H100,Verda · Spot,1.1375,USD,per GPU per hour,Verda,spot,2,80,
2026-06-16,H200,Cheapest,1.4,USD,per GPU per hour,Verda,spot,1,141,
2026-06-16,H200,Oblivus · On-demand,3.99,USD,per GPU per hour,Oblivus,on_demand,1,141,us
2026-06-16,H200,On-demand (median),4.3078,USD,per GPU per hour,,on_demand,,,
2026-06-16,H200,On-demand (min),2.49,USD,per GPU per hour,Theta EdgeCloud,on_demand,1,141,
2026-06-16,H200,Runcrate · On-demand,4.63,USD,per GPU per hour,Runcrate,on_demand,1,141,fi
2026-06-16,H200,Runpod · Spot,3.99,USD,per GPU per hour,Runpod,spot,1,141,"ca,is,us,jp"
2026-06-16,H200,Sesterce Cloud · On-demand,4.6255,USD,per GPU per hour,Sesterce Cloud,on_demand,4,141,fi
2026-06-16,H200,Spot (median),2.695,USD,per GPU per hour,,spot,,,
2026-06-16,H200,Spot (min),1.4,USD,per GPU per hour,Verda,spot,1,141,
2026-06-16,H200,Theta EdgeCloud · On-demand,2.49,USD,per GPU per hour,Theta EdgeCloud,on_demand,1,141,
2026-06-16,H200,Verda · Spot,1.4,USD,per GPU per hour,Verda,spot,1,141,
2026-06-17,A100,Cheapest,0.6265,USD,per GPU per hour,Verda,spot,1,80,
2026-06-17,A100,Hyperstack · Spot,1.08,USD,per GPU per hour,Hyperstack,spot,1,80,ca
2026-06-17,A100,Lambda · On-demand,1.99,USD,per GPU per hour,Lambda,on_demand,1,80,"in,us"
2026-06-17,A100,Oblivus · On-demand,1.47,USD,per GPU per hour,Oblivus,on_demand,1,80,us
2026-06-17,A100,On-demand (median),1.49,USD,per GPU per hour,,on_demand,,,
2026-06-17,A100,On-demand (min),0.78,USD,per GPU per hour,Thunder Compute,on_demand,1,80,
2026-06-17,A100,Runcrate · On-demand,1.49,USD,per GPU per hour,Runcrate,on_demand,1,80,"ca,us"
2026-06-17,A100,Runpod · On-demand,1.49,USD,per GPU per hour,Runpod,on_demand,1,80,us
2026-06-17,A100,Sesterce Cloud · On-demand,1.518,USD,per GPU per hour,Sesterce Cloud,on_demand,1,80,us
2026-06-17,A100,Spot (median),0.8533,USD,per GPU per hour,,spot,,,
2026-06-17,A100,Spot (min),0.6265,USD,per GPU per hour,Verda,spot,1,80,
2026-06-17,A100,Theta EdgeCloud · On-demand,1.99,USD,per GPU per hour,Theta EdgeCloud,on_demand,1,80,
2026-06-17,A100,Thunder Compute · On-demand,0.78,USD,per GPU per hour,Thunder Compute,on_demand,1,80,
2026-06-17,A100,Verda · Spot,0.6265,USD,per GPU per hour,Verda,spot,1,80,
2026-06-17,B200,Beyond.pl · On-demand,5.1,USD,per GPU per hour,Beyond.pl,on_demand,1,180,pl
2026-06-17,B200,Cheapest,2.1385,USD,per GPU per hour,Verda,spot,2,180,
2026-06-17,B200,On-demand (median),7.17,USD,per GPU per hour,,on_demand,,,
2026-06-17,B200,On-demand (min),5.1,USD,per GPU per hour,Beyond.pl,on_demand,1,180,pl
2026-06-17,B200,Runcrate · On-demand,7.17,USD,per GPU per hour,Runcrate,on_demand,1,180,fi
2026-06-17,B200,Runpod · Spot,5.49,USD,per GPU per hour,Runpod,spot,1,180,"ro,us"
2026-06-17,B200,Sesterce Cloud · On-demand,7.172,USD,per GPU per hour,Sesterce Cloud,on_demand,1,180,fi
2026-06-17,B200,Spot (median),3.8143,USD,per GPU per hour,,spot,,,
2026-06-17,B200,Spot (min),2.1385,USD,per GPU per hour,Verda,spot,2,180,
2026-06-17,B200,Verda · Spot,2.1385,USD,per GPU per hour,Verda,spot,2,180,
2026-06-17,B300,Cheapest,2.625,USD,per GPU per hour,Verda,spot,1,288,
2026-06-17,B300,On-demand (median),8.5877,USD,per GPU per hour,,on_demand,,,
2026-06-17,B300,On-demand (min),7.39,USD,per GPU per hour,Runpod,on_demand,1,288,nl
2026-06-17,B300,Runcrate · On-demand,8.48,USD,per GPU per hour,Runcrate,on_demand,1,288,fi
2026-06-17,B300,Runpod · On-demand,7.39,USD,per GPU per hour,Runpod,on_demand,1,288,nl
2026-06-17,B300,Scaleway · On-demand,8.6955,USD,per GPU per hour,Scaleway,on_demand,8,288,fr
2026-06-17,B300,Sesterce Cloud · On-demand,8.701,USD,per GPU per hour,Sesterce Cloud,on_demand,1,288,fi
2026-06-17,B300,Spot (median),2.625,USD,per GPU per hour,,spot,,,
2026-06-17,B300,Spot (min),2.625,USD,per GPU per hour,Verda,spot,1,288,
2026-06-17,B300,Verda · Spot,2.625,USD,per GPU per hour,Verda,spot,1,288,
2026-06-17,H100,Cheapest,1.1375,USD,per GPU per hour,Verda,spot,2,80,
2026-06-17,H100,Lambda · On-demand,3.29,USD,per GPU per hour,Lambda,on_demand,1,80,us
2026-06-17,H100,Novita AI · Spot,1.3,USD,per GPU per hour,Novita AI,spot,1,80,"is,us"
2026-06-17,H100,Oblivus · On-demand,2.178,USD,per GPU per hour,Oblivus,on_demand,1,80,us
2026-06-17,H100,On-demand (median),2.178,USD,per GPU per hour,,on_demand,,,
2026-06-17,H100,On-demand (min),1.38,USD,per GPU per hour,Thunder Compute,on_demand,1,80,
2026-06-17,H100,Runcrate · On-demand,2.09,USD,per GPU per hour,Runcrate,on_demand,1,80,"ca,us"
2026-06-17,H100,Runpod · Spot,2.39,USD,per GPU per hour,Runpod,spot,1,80,us
2026-06-17,H100,Scaleway · On-demand,3.3234,USD,per GPU per hour,Scaleway,on_demand,1,80,"fr,pl"
2026-06-17,H100,Sesterce Cloud · On-demand,2.145,USD,per GPU per hour,Sesterce Cloud,on_demand,8,80,ca
2026-06-17,H100,Spot (median),1.3,USD,per GPU per hour,,spot,,,
2026-06-17,H100,Spot (min),1.1375,USD,per GPU per hour,Verda,spot,2,80,
2026-06-17,H100,Theta EdgeCloud · On-demand,2.29,USD,per GPU per hour,Theta EdgeCloud,on_demand,1,80,
2026-06-17,H100,Thunder Compute · On-demand,1.38,USD,per GPU per hour,Thunder Compute,on_demand,1,80,
2026-06-17,H100,Verda · Spot,1.1375,USD,per GPU per hour,Verda,spot,2,80,
2026-06-17,H200,Cheapest,1.4,USD,per GPU per hour,Verda,spot,1,141,
2026-06-17,H200,Oblivus · On-demand,3.99,USD,per GPU per hour,Oblivus,on_demand,1,141,us
2026-06-17,H200,On-demand (median),4.3078,USD,per GPU per hour,,on_demand,,,
2026-06-17,H200,On-demand (min),2.49,USD,per GPU per hour,Theta EdgeCloud,on_demand,1,141,
2026-06-17,H200,Runcrate · On-demand,4.63,USD,per GPU per hour,Runcrate,on_demand,1,141,fi
2026-06-17,H200,Runpod · Spot,3.99,USD,per GPU per hour,Runpod,spot,1,141,"ca,is,jp"
2026-06-17,H200,Sesterce Cloud · On-demand,4.6255,USD,per GPU per hour,Sesterce Cloud,on_demand,4,141,fi
2026-06-17,H200,Spot (median),2.695,USD,per GPU per hour,,spot,,,
2026-06-17,H200,Spot (min),1.4,USD,per GPU per hour,Verda,spot,1,141,
2026-06-17,H200,Theta EdgeCloud · On-demand,2.49,USD,per GPU per hour,Theta EdgeCloud,on_demand,1,141,
2026-06-17,H200,Verda · Spot,1.4,USD,per GPU per hour,Verda,spot,1,141,
2026-06-18,A100,Cheapest,0.13,USD,per GPU per hour,Vast.ai,spot,1,80,nl
2026-06-18,A100,Hyperstack · Spot,1.08,USD,per GPU per hour,Hyperstack,spot,1,80,ca
2026-06-18,A100,Lambda · On-demand,1.99,USD,per GPU per hour,Lambda,on_demand,1,80,us
2026-06-18,A100,Oblivus · On-demand,1.57,USD,per GPU per hour,Oblivus,on_demand,8,80,us
2026-06-18,A100,On-demand (median),1.52,USD,per GPU per hour,,on_demand,,,
2026-06-18,A100,On-demand (min),0.78,USD,per GPU per hour,Thunder Compute,on_demand,1,80,
2026-06-18,A100,Runcrate · On-demand,1.52,USD,per GPU per hour,Runcrate,on_demand,1,80,"us,fi"
2026-06-18,A100,Runpod · On-demand,1.39,USD,per GPU per hour,Runpod,on_demand,1,80,ca
2026-06-18,A100,Sesterce Cloud · On-demand,1.518,USD,per GPU per hour,Sesterce Cloud,on_demand,1,80,us
2026-06-18,A100,Spot (median),0.6265,USD,per GPU per hour,,spot,,,
2026-06-18,A100,Spot (min),0.13,USD,per GPU per hour,Vast.ai,spot,1,80,nl
2026-06-18,A100,Theta EdgeCloud · On-demand,1.99,USD,per GPU per hour,Theta EdgeCloud,on_demand,1,80,
2026-06-18,A100,Thunder Compute · On-demand,0.78,USD,per GPU per hour,Thunder Compute,on_demand,1,80,
2026-06-18,A100,Vast.ai · Spot,0.13,USD,per GPU per hour,Vast.ai,spot,1,80,nl
2026-06-18,A100,Verda · Spot,0.6265,USD,per GPU per hour,Verda,spot,1,80,
2026-06-18,B200,Beyond.pl · On-demand,5.1,USD,per GPU per hour,Beyond.pl,on_demand,1,180,pl
2026-06-18,B200,Cheapest,2.1385,USD,per GPU per hour,Verda,spot,2,180,
2026-06-18,B200,On-demand (median),7.17,USD,per GPU per hour,,on_demand,,,
2026-06-18,B200,On-demand (min),5.1,USD,per GPU per hour,Beyond.pl,on_demand,1,180,pl
2026-06-18,B200,Runcrate · On-demand,7.17,USD,per GPU per hour,Runcrate,on_demand,1,180,fi
2026-06-18,B200,Runpod · Spot,5.49,USD,per GPU per hour,Runpod,spot,1,180,"ro,us"
2026-06-18,B200,Sesterce Cloud · On-demand,7.172,USD,per GPU per hour,Sesterce Cloud,on_demand,1,180,fi
2026-06-18,B200,Spot (median),2.81,USD,per GPU per hour,,spot,,,
2026-06-18,B200,Spot (min),2.1385,USD,per GPU per hour,Verda,spot,2,180,
2026-06-18,B200,Vast.ai · Spot,2.81,USD,per GPU per hour,Vast.ai,spot,1,180,us
2026-06-18,B200,Verda · Spot,2.1385,USD,per GPU per hour,Verda,spot,2,180,
2026-06-18,B300,Cheapest,1.88,USD,per GPU per hour,Vast.ai,spot,1,288,us
2026-06-18,B300,On-demand (median),8.5866,USD,per GPU per hour,,on_demand,,,
2026-06-18,B300,On-demand (min),7.39,USD,per GPU per hour,Runpod,on_demand,1,288,nl
2026-06-18,B300,Runcrate · On-demand,8.48,USD,per GPU per hour,Runcrate,on_demand,1,288,fi
2026-06-18,B300,Runpod · On-demand,7.39,USD,per GPU per hour,Runpod,on_demand,1,288,nl
2026-06-18,B300,Scaleway · On-demand,8.6933,USD,per GPU per hour,Scaleway,on_demand,8,288,fr
2026-06-18,B300,Sesterce Cloud · On-demand,8.701,USD,per GPU per hour,Sesterce Cloud,on_demand,1,288,fi
2026-06-18,B300,Spot (median),2.2525,USD,per GPU per hour,,spot,,,
2026-06-18,B300,Spot (min),1.88,USD,per GPU per hour,Vast.ai,spot,1,288,us
2026-06-18,B300,Vast.ai · Spot,1.88,USD,per GPU per hour,Vast.ai,spot,1,288,us
2026-06-18,B300,Verda · Spot,2.625,USD,per GPU per hour,Verda,spot,1,288,
2026-06-18,H100,Cheapest,0.45,USD,per GPU per hour,Vast.ai,spot,1,80,jp
2026-06-18,H100,Lambda · On-demand,3.29,USD,per GPU per hour,Lambda,on_demand,1,80,us
2026-06-18,H100,Oblivus · On-demand,2.178,USD,per GPU per hour,Oblivus,on_demand,1,80,us
2026-06-18,H100,On-demand (median),2.178,USD,per GPU per hour,,on_demand,,,
2026-06-18,H100,On-demand (min),1.38,USD,per GPU per hour,Thunder Compute,on_demand,1,80,
2026-06-18,H100,Runcrate · On-demand,2.15,USD,per GPU per hour,Runcrate,on_demand,1,80,"us,ca"
2026-06-18,H100,Runpod · Spot,2.39,USD,per GPU per hour,Runpod,spot,1,80,ca
2026-06-18,H100,Scaleway · On-demand,3.3226,USD,per GPU per hour,Scaleway,on_demand,1,80,"fr,pl"
2026-06-18,H100,Sesterce Cloud · On-demand,2.145,USD,per GPU per hour,Sesterce Cloud,on_demand,8,80,ca
2026-06-18,H100,Spot (median),1.1375,USD,per GPU per hour,,spot,,,
2026-06-18,H100,Spot (min),0.45,USD,per GPU per hour,Vast.ai,spot,1,80,jp
2026-06-18,H100,Theta EdgeCloud · On-demand,2.29,USD,per GPU per hour,Theta EdgeCloud,on_demand,1,80,
2026-06-18,H100,Thunder Compute · On-demand,1.38,USD,per GPU per hour,Thunder Compute,on_demand,1,80,
2026-06-18,H100,Vast.ai · Spot,0.45,USD,per GPU per hour,Vast.ai,spot,1,80,jp
2026-06-18,H100,Verda · Spot,1.1375,USD,per GPU per hour,Verda,spot,2,80,
2026-06-18,H200,Cheapest,1.4,USD,per GPU per hour,Verda,spot,1,141,
2026-06-18,H200,Oblivus · On-demand,3.99,USD,per GPU per hour,Oblivus,on_demand,1,141,us
2026-06-18,H200,On-demand (median),4.3078,USD,per GPU per hour,,on_demand,,,
2026-06-18,H200,On-demand (min),2.49,USD,per GPU per hour,Theta EdgeCloud,on_demand,1,141,
2026-06-18,H200,Runcrate · On-demand,4.63,USD,per GPU per hour,Runcrate,on_demand,1,141,fi
2026-06-18,H200,Runpod · Spot,3.99,USD,per GPU per hour,Runpod,spot,1,141,"us,is,ca,fr,jp"
2026-06-18,H200,Sesterce Cloud · On-demand,4.6255,USD,per GPU per hour,Sesterce Cloud,on_demand,4,141,fi
2026-06-18,H200,Spot (median),1.93,USD,per GPU per hour,,spot,,,
2026-06-18,H200,Spot (min),1.4,USD,per GPU per hour,Verda,spot,1,141,
2026-06-18,H200,Theta EdgeCloud · On-demand,2.49,USD,per GPU per hour,Theta EdgeCloud,on_demand,1,141,
2026-06-18,H200,Vast.ai · Spot,1.93,USD,per GPU per hour,Vast.ai,spot,2,141,ca
2026-06-18,H200,Verda · Spot,1.4,USD,per GPU per hour,Verda,spot,1,141,
2026-06-19,A100,Cheapest,0.13,USD,per GPU per hour,Vast.ai,spot,1,80,us
2026-06-19,A100,Hyperstack · Spot,1.08,USD,per GPU per hour,Hyperstack,spot,1,80,ca
2026-06-19,A100,Lambda · On-demand,1.99,USD,per GPU per hour,Lambda,on_demand,1,80,us
2026-06-19,A100,Oblivus · On-demand,1.47,USD,per GPU per hour,Oblivus,on_demand,1,80,us
2026-06-19,A100,On-demand (median),1.49,USD,per GPU per hour,,on_demand,,,
2026-06-19,A100,On-demand (min),0.78,USD,per GPU per hour,Thunder Compute,on_demand,1,80,
2026-06-19,A100,Runcrate · On-demand,1.49,USD,per GPU per hour,Runcrate,on_demand,1,80,"us,ca"
2026-06-19,A100,Runpod · On-demand,1.49,USD,per GPU per hour,Runpod,on_demand,1,80,"us,ro,is"
2026-06-19,A100,Sesterce Cloud · On-demand,1.518,USD,per GPU per hour,Sesterce Cloud,on_demand,1,80,us
2026-06-19,A100,Spot (median),0.6265,USD,per GPU per hour,,spot,,,
2026-06-19,A100,Spot (min),0.13,USD,per GPU per hour,Vast.ai,spot,1,80,us
2026-06-19,A100,Theta EdgeCloud · On-demand,1.99,USD,per GPU per hour,Theta EdgeCloud,on_demand,1,80,
2026-06-19,A100,Thunder Compute · On-demand,0.78,USD,per GPU per hour,Thunder Compute,on_demand,1,80,
2026-06-19,A100,Vast.ai · Spot,0.13,USD,per GPU per hour,Vast.ai,spot,1,80,us
2026-06-19,A100,Verda · Spot,0.6265,USD,per GPU per hour,Verda,spot,1,80,
2026-06-19,B200,Beyond.pl · On-demand,5.1,USD,per GPU per hour,Beyond.pl,on_demand,1,180,pl
2026-06-19,B200,Cheapest,2.1385,USD,per GPU per hour,Verda,spot,2,180,
2026-06-19,B200,Hyperstack · On-demand,3.5,USD,per GPU per hour,Hyperstack,on_demand,8,180,ca
2026-06-19,B200,On-demand (median),4.3,USD,per GPU per hour,,on_demand,,,
2026-06-19,B200,On-demand (min),3.5,USD,per GPU per hour,Hyperstack,on_demand,8,180,ca
2026-06-19,B200,Runpod · Spot,5.49,USD,per GPU per hour,Runpod,spot,1,180,"ro,us"
2026-06-19,B200,Spot (median),2.42,USD,per GPU per hour,,spot,,,
2026-06-19,B200,Spot (min),2.1385,USD,per GPU per hour,Verda,spot,2,180,
2026-06-19,B200,Vast.ai · Spot,2.42,USD,per GPU per hour,Vast.ai,spot,1,180,us
2026-06-19,B200,Verda · Spot,2.1385,USD,per GPU per hour,Verda,spot,2,180,
2026-06-19,B300,Cheapest,1.88,USD,per GPU per hour,Vast.ai,spot,1,288,us
2026-06-19,B300,On-demand (median),8.5379,USD,per GPU per hour,,on_demand,,,
2026-06-19,B300,On-demand (min),7.39,USD,per GPU per hour,Runpod,on_demand,1,288,nl
2026-06-19,B300,Runcrate · On-demand,8.48,USD,per GPU per hour,Runcrate,on_demand,1,288,fi
2026-06-19,B300,Runpod · On-demand,7.39,USD,per GPU per hour,Runpod,on_demand,1,288,nl
2026-06-19,B300,Scaleway · On-demand,8.5958,USD,per GPU per hour,Scaleway,on_demand,8,288,fr
2026-06-19,B300,Sesterce Cloud · On-demand,8.701,USD,per GPU per hour,Sesterce Cloud,on_demand,1,288,fi
2026-06-19,B300,Spot (median),2.2525,USD,per GPU per hour,,spot,,,
2026-06-19,B300,Spot (min),1.88,USD,per GPU per hour,Vast.ai,spot,1,288,us
2026-06-19,B300,Vast.ai · Spot,1.88,USD,per GPU per hour,Vast.ai,spot,1,288,us
2026-06-19,B300,Verda · Spot,2.625,USD,per GPU per hour,Verda,spot,1,288,
2026-06-19,H100,Cheapest,0.45,USD,per GPU per hour,Vast.ai,spot,1,80,jp
2026-06-19,H100,Lambda · On-demand,3.29,USD,per GPU per hour,Lambda,on_demand,1,80,us
2026-06-19,H100,On-demand (median),2.22,USD,per GPU per hour,,on_demand,,,
2026-06-19,H100,On-demand (min),1.38,USD,per GPU per hour,Thunder Compute,on_demand,1,80,
2026-06-19,H100,Runcrate · On-demand,2.15,USD,per GPU per hour,Runcrate,on_demand,1,80,"us,ca"
2026-06-19,H100,Runpod · Spot,2.39,USD,per GPU per hour,Runpod,spot,1,80,ca
2026-06-19,H100,Scaleway · On-demand,3.2853,USD,per GPU per hour,Scaleway,on_demand,1,80,"fr,pl"
2026-06-19,H100,Sesterce Cloud · On-demand,2.145,USD,per GPU per hour,Sesterce Cloud,on_demand,8,80,ca
2026-06-19,H100,Spot (median),1.1375,USD,per GPU per hour,,spot,,,
2026-06-19,H100,Spot (min),0.45,USD,per GPU per hour,Vast.ai,spot,1,80,jp
2026-06-19,H100,Theta EdgeCloud · On-demand,2.29,USD,per GPU per hour,Theta EdgeCloud,on_demand,1,80,
2026-06-19,H100,Thunder Compute · On-demand,1.38,USD,per GPU per hour,Thunder Compute,on_demand,1,80,
2026-06-19,H100,Vast.ai · Spot,0.45,USD,per GPU per hour,Vast.ai,spot,1,80,jp
2026-06-19,H100,Verda · Spot,1.1375,USD,per GPU per hour,Verda,spot,2,80,
2026-06-19,H200,Cheapest,0.66,USD,per GPU per hour,Vast.ai,spot,1,141,us
2026-06-19,H200,Oblivus · On-demand,3.99,USD,per GPU per hour,Oblivus,on_demand,1,141,us
2026-06-19,H200,On-demand (median),4.3078,USD,per GPU per hour,,on_demand,,,
2026-06-19,H200,On-demand (min),2.49,USD,per GPU per hour,Theta EdgeCloud,on_demand,1,141,
2026-06-19,H200,Runcrate · On-demand,4.63,USD,per GPU per hour,Runcrate,on_demand,4,141,fi
2026-06-19,H200,Runpod · Spot,3.99,USD,per GPU per hour,Runpod,spot,1,141,"us,is,ca,fr,jp"
2026-06-19,H200,Sesterce Cloud · On-demand,4.6255,USD,per GPU per hour,Sesterce Cloud,on_demand,4,141,fi
2026-06-19,H200,Spot (median),1.4,USD,per GPU per hour,,spot,,,
2026-06-19,H200,Spot (min),0.66,USD,per GPU per hour,Vast.ai,spot,1,141,us
2026-06-19,H200,Theta EdgeCloud · On-demand,2.49,USD,per GPU per hour,Theta EdgeCloud,on_demand,1,141,
2026-06-19,H200,Vast.ai · Spot,0.66,USD,per GPU per hour,Vast.ai,spot,1,141,us
2026-06-19,H200,Verda · Spot,1.4,USD,per GPU per hour,Verda,spot,1,141,
2026-06-20,A100,Cheapest,0.27,USD,per GPU per hour,Vast.ai,spot,1,80,us
2026-06-20,A100,Hyperstack · Spot,1.08,USD,per GPU per hour,Hyperstack,spot,1,80,ca
2026-06-20,A100,Lambda · On-demand,1.99,USD,per GPU per hour,Lambda,on_demand,1,80,us
2026-06-20,A100,Oblivus · On-demand,1.47,USD,per GPU per hour,Oblivus,on_demand,1,80,us
2026-06-20,A100,On-demand (median),1.49,USD,per GPU per hour,,on_demand,,,
2026-06-20,A100,On-demand (min),0.78,USD,per GPU per hour,Thunder Compute,on_demand,1,80,
2026-06-20,A100,Runcrate · On-demand,1.49,USD,per GPU per hour,Runcrate,on_demand,1,80,"us,ca"
2026-06-20,A100,Runpod · On-demand,1.39,USD,per GPU per hour,Runpod,on_demand,1,80,"ro,us,ca"
2026-06-20,A100,Sesterce Cloud · On-demand,1.518,USD,per GPU per hour,Sesterce Cloud,on_demand,1,80,us
2026-06-20,A100,Spot (median),0.6265,USD,per GPU per hour,,spot,,,
2026-06-20,A100,Spot (min),0.27,USD,per GPU per hour,Vast.ai,spot,1,80,us
2026-06-20,A100,Theta EdgeCloud · On-demand,1.99,USD,per GPU per hour,Theta EdgeCloud,on_demand,1,80,
2026-06-20,A100,Thunder Compute · On-demand,0.78,USD,per GPU per hour,Thunder Compute,on_demand,1,80,
2026-06-20,A100,Vast.ai · Spot,0.27,USD,per GPU per hour,Vast.ai,spot,1,80,us
2026-06-20,A100,Verda · Spot,0.6265,USD,per GPU per hour,Verda,spot,1,80,
2026-06-20,B200,Beyond.pl · On-demand,5.1,USD,per GPU per hour,Beyond.pl,on_demand,1,180,pl
2026-06-20,B200,Cheapest,2.1385,USD,per GPU per hour,Verda,spot,2,180,
2026-06-20,B200,Hyperstack · On-demand,3.5,USD,per GPU per hour,Hyperstack,on_demand,8,180,ca
2026-06-20,B200,On-demand (median),6.135,USD,per GPU per hour,,on_demand,,,
2026-06-20,B200,On-demand (min),3.5,USD,per GPU per hour,Hyperstack,on_demand,8,180,ca
2026-06-20,B200,Runcrate · On-demand,7.17,USD,per GPU per hour,Runcrate,on_demand,1,180,fi
2026-06-20,B200,Runpod · Spot,5.49,USD,per GPU per hour,Runpod,spot,1,180,"ro,us"
2026-06-20,B200,Sesterce Cloud · On-demand,7.172,USD,per GPU per hour,Sesterce Cloud,on_demand,1,180,fi
2026-06-20,B200,Spot (median),2.81,USD,per GPU per hour,,spot,,,
2026-06-20,B200,Spot (min),2.1385,USD,per GPU per hour,Verda,spot,2,180,
2026-06-20,B200,Vast.ai · Spot,2.81,USD,per GPU per hour,Vast.ai,spot,1,180,us
2026-06-20,B200,Verda · Spot,2.1385,USD,per GPU per hour,Verda,spot,2,180,
2026-06-20,B300,Cheapest,2.625,USD,per GPU per hour,Verda,spot,1,288,
2026-06-20,B300,On-demand (median),8.5401,USD,per GPU per hour,,on_demand,,,
2026-06-20,B300,On-demand (min),7.39,USD,per GPU per hour,Runpod,on_demand,1,288,nl
2026-06-20,B300,Runcrate · On-demand,8.48,USD,per GPU per hour,Runcrate,on_demand,1,288,fi
2026-06-20,B300,Runpod · On-demand,7.39,USD,per GPU per hour,Runpod,on_demand,1,288,nl
2026-06-20,B300,Scaleway · On-demand,8.6003,USD,per GPU per hour,Scaleway,on_demand,8,288,fr
2026-06-20,B300,Sesterce Cloud · On-demand,8.701,USD,per GPU per hour,Sesterce Cloud,on_demand,1,288,fi
2026-06-20,B300,Spot (median),4.0325,USD,per GPU per hour,,spot,,,
2026-06-20,B300,Spot (min),2.625,USD,per GPU per hour,Verda,spot,1,288,
2026-06-20,B300,Vast.ai · Spot,5.44,USD,per GPU per hour,Vast.ai,spot,4,288,us
2026-06-20,B300,Verda · Spot,2.625,USD,per GPU per hour,Verda,spot,1,288,
2026-06-20,H100,Cheapest,0.36,USD,per GPU per hour,Vast.ai,spot,2,80,gb
2026-06-20,H100,Lambda · On-demand,3.29,USD,per GPU per hour,Lambda,on_demand,1,80,us
2026-06-20,H100,Novita AI · Spot,1.3,USD,per GPU per hour,Novita AI,spot,1,80,"is,us"
2026-06-20,H100,Oblivus · On-demand,2.178,USD,per GPU per hour,Oblivus,on_demand,1,80,us
2026-06-20,H100,On-demand (median),2.178,USD,per GPU per hour,,on_demand,,,
2026-06-20,H100,On-demand (min),1.38,USD,per GPU per hour,Thunder Compute,on_demand,1,80,
2026-06-20,H100,Runcrate · On-demand,2.09,USD,per GPU per hour,Runcrate,on_demand,1,80,"us,pl,ca"
2026-06-20,H100,Runpod · Spot,2.39,USD,per GPU per hour,Runpod,spot,1,80,us
2026-06-20,H100,Scaleway · On-demand,3.287,USD,per GPU per hour,Scaleway,on_demand,1,80,"fr,pl"
2026-06-20,H100,Sesterce Cloud · On-demand,2.145,USD,per GPU per hour,Sesterce Cloud,on_demand,8,80,ca
2026-06-20,H100,Spot (median),1.2188,USD,per GPU per hour,,spot,,,
2026-06-20,H100,Spot (min),0.36,USD,per GPU per hour,Vast.ai,spot,2,80,gb
2026-06-20,H100,Theta EdgeCloud · On-demand,2.29,USD,per GPU per hour,Theta EdgeCloud,on_demand,1,80,
2026-06-20,H100,Thunder Compute · On-demand,1.38,USD,per GPU per hour,Thunder Compute,on_demand,1,80,
2026-06-20,H100,Vast.ai · Spot,0.36,USD,per GPU per hour,Vast.ai,spot,2,80,gb
2026-06-20,H100,Verda · Spot,1.1375,USD,per GPU per hour,Verda,spot,2,80,
2026-06-20,H200,Cheapest,1.4,USD,per GPU per hour,Verda,spot,1,141,
2026-06-20,H200,Oblivus · On-demand,3.99,USD,per GPU per hour,Oblivus,on_demand,1,141,us
2026-06-20,H200,On-demand (median),4.3078,USD,per GPU per hour,,on_demand,,,
2026-06-20,H200,On-demand (min),2.49,USD,per GPU per hour,Theta EdgeCloud,on_demand,1,141,
2026-06-20,H200,Runcrate · On-demand,4.63,USD,per GPU per hour,Runcrate,on_demand,1,141,fi
2026-06-20,H200,Runpod · Spot,3.99,USD,per GPU per hour,Runpod,spot,1,141,"us,is,ca,jp"
2026-06-20,H200,Sesterce Cloud · On-demand,4.6255,USD,per GPU per hour,Sesterce Cloud,on_demand,8,141,fi
2026-06-20,H200,Spot (median),1.93,USD,per GPU per hour,,spot,,,
2026-06-20,H200,Spot (min),1.4,USD,per GPU per hour,Verda,spot,1,141,
2026-06-20,H200,Theta EdgeCloud · On-demand,2.49,USD,per GPU per hour,Theta EdgeCloud,on_demand,1,141,
2026-06-20,H200,Vast.ai · Spot,1.93,USD,per GPU per hour,Vast.ai,spot,2,141,ca
2026-06-20,H200,Verda · Spot,1.4,USD,per GPU per hour,Verda,spot,1,141,
2026-06-21,A100,Cheapest,0.13,USD,per GPU per hour,Vast.ai,spot,1,80,gb
2026-06-21,A100,Hyperstack · Spot,1.08,USD,per GPU per hour,Hyperstack,spot,1,80,ca
2026-06-21,A100,Lambda · On-demand,1.99,USD,per GPU per hour,Lambda,on_demand,1,80,us
2026-06-21,A100,Oblivus · On-demand,1.47,USD,per GPU per hour,Oblivus,on_demand,1,80,us
2026-06-21,A100,On-demand (median),1.49,USD,per GPU per hour,,on_demand,,,
2026-06-21,A100,On-demand (min),0.78,USD,per GPU per hour,Thunder Compute,on_demand,1,80,
2026-06-21,A100,Runcrate · On-demand,1.49,USD,per GPU per hour,Runcrate,on_demand,1,80,"us,ca"
2026-06-21,A100,Runpod · On-demand,1.39,USD,per GPU per hour,Runpod,on_demand,1,80,"ro,ca,us"
2026-06-21,A100,Sesterce Cloud · On-demand,1.518,USD,per GPU per hour,Sesterce Cloud,on_demand,1,80,us
2026-06-21,A100,Spot (median),0.6265,USD,per GPU per hour,,spot,,,
2026-06-21,A100,Spot (min),0.13,USD,per GPU per hour,Vast.ai,spot,1,80,gb
2026-06-21,A100,Theta EdgeCloud · On-demand,1.99,USD,per GPU per hour,Theta EdgeCloud,on_demand,1,80,
2026-06-21,A100,Thunder Compute · On-demand,0.78,USD,per GPU per hour,Thunder Compute,on_demand,1,80,
2026-06-21,A100,Vast.ai · Spot,0.13,USD,per GPU per hour,Vast.ai,spot,1,80,gb
2026-06-21,A100,Verda · Spot,0.6265,USD,per GPU per hour,Verda,spot,1,80,
2026-06-21,B200,Beyond.pl · On-demand,5.1,USD,per GPU per hour,Beyond.pl,on_demand,1,180,pl
2026-06-21,B200,Cheapest,2.1385,USD,per GPU per hour,Verda,spot,2,180,
2026-06-21,B200,Hyperstack · On-demand,3.5,USD,per GPU per hour,Hyperstack,on_demand,8,180,ca
2026-06-21,B200,On-demand (median),6.135,USD,per GPU per hour,,on_demand,,,
2026-06-21,B200,On-demand (min),3.5,USD,per GPU per hour,Hyperstack,on_demand,8,180,ca
2026-06-21,B200,Runcrate · On-demand,7.17,USD,per GPU per hour,Runcrate,on_demand,1,180,fi
2026-06-21,B200,Runpod · Spot,5.49,USD,per GPU per hour,Runpod,spot,1,180,"ro,us"
2026-06-21,B200,Sesterce Cloud · On-demand,7.172,USD,per GPU per hour,Sesterce Cloud,on_demand,1,180,fi
2026-06-21,B200,Spot (median),2.81,USD,per GPU per hour,,spot,,,
2026-06-21,B200,Spot (min),2.1385,USD,per GPU per hour,Verda,spot,2,180,
2026-06-21,B200,Vast.ai · Spot,2.81,USD,per GPU per hour,Vast.ai,spot,1,180,us
2026-06-21,B200,Verda · Spot,2.1385,USD,per GPU per hour,Verda,spot,2,180,
2026-06-21,B300,Cheapest,2.625,USD,per GPU per hour,Verda,spot,1,288,
2026-06-21,B300,On-demand (median),8.6501,USD,per GPU per hour,,on_demand,,,
2026-06-21,B300,On-demand (min),7.39,USD,per GPU per hour,Runpod,on_demand,1,288,nl
2026-06-21,B300,Runcrate · On-demand,8.7,USD,per GPU per hour,Runcrate,on_demand,1,288,fi
2026-06-21,B300,Runpod · On-demand,7.39,USD,per GPU per hour,Runpod,on_demand,1,288,nl
2026-06-21,B300,Scaleway · On-demand,8.6003,USD,per GPU per hour,Scaleway,on_demand,8,288,fr
2026-06-21,B300,Sesterce Cloud · On-demand,8.701,USD,per GPU per hour,Sesterce Cloud,on_demand,1,288,fi
2026-06-21,B300,Spot (median),2.8775,USD,per GPU per hour,,spot,,,
2026-06-21,B300,Spot (min),2.625,USD,per GPU per hour,Verda,spot,1,288,
2026-06-21,B300,Vast.ai · Spot,3.13,USD,per GPU per hour,Vast.ai,spot,4,288,tw
2026-06-21,B300,Verda · Spot,2.625,USD,per GPU per hour,Verda,spot,1,288,
2026-06-21,H100,Cheapest,0.36,USD,per GPU per hour,Vast.ai,spot,2,80,gb
2026-06-21,H100,Lambda · On-demand,3.29,USD,per GPU per hour,Lambda,on_demand,1,80,us
2026-06-21,H100,Oblivus · On-demand,2.178,USD,per GPU per hour,Oblivus,on_demand,1,80,us
2026-06-21,H100,On-demand (median),2.178,USD,per GPU per hour,,on_demand,,,
2026-06-21,H100,On-demand (min),1.38,USD,per GPU per hour,Thunder Compute,on_demand,1,80,
2026-06-21,H100,Runcrate · On-demand,2.09,USD,per GPU per hour,Runcrate,on_demand,1,80,"pl,us,fr,ca"
2026-06-21,H100,Runpod · Spot,2.39,USD,per GPU per hour,Runpod,spot,1,80,us
2026-06-21,H100,Scaleway · On-demand,3.287,USD,per GPU per hour,Scaleway,on_demand,1,80,"fr,pl"
2026-06-21,H100,Sesterce Cloud · On-demand,2.145,USD,per GPU per hour,Sesterce Cloud,on_demand,8,80,ca
2026-06-21,H100,Spot (median),1.1375,USD,per GPU per hour,,spot,,,
2026-06-21,H100,Spot (min),0.36,USD,per GPU per hour,Vast.ai,spot,2,80,gb
2026-06-21,H100,Theta EdgeCloud · On-demand,2.29,USD,per GPU per hour,Theta EdgeCloud,on_demand,1,80,
2026-06-21,H100,Thunder Compute · On-demand,1.38,USD,per GPU per hour,Thunder Compute,on_demand,1,80,
2026-06-21,H100,Vast.ai · Spot,0.36,USD,per GPU per hour,Vast.ai,spot,2,80,gb
2026-06-21,H100,Verda · Spot,1.1375,USD,per GPU per hour,Verda,spot,2,80,
2026-06-21,H200,Cheapest,1.32,USD,per GPU per hour,Vast.ai,spot,1,141,cz
2026-06-21,H200,DigitalOcean · On-demand,3.44,USD,per GPU per hour,DigitalOcean,on_demand,1,141,us
2026-06-21,H200,Oblivus · On-demand,3.99,USD,per GPU per hour,Oblivus,on_demand,1,141,us
2026-06-21,H200,On-demand (median),3.78,USD,per GPU per hour,,on_demand,,,
2026-06-21,H200,On-demand (min),2.49,USD,per GPU per hour,Theta EdgeCloud,on_demand,1,141,
2026-06-21,H200,Runcrate · On-demand,3.78,USD,per GPU per hour,Runcrate,on_demand,1,141,"us,fi"
2026-06-21,H200,Runpod · Spot,3.99,USD,per GPU per hour,Runpod,spot,1,141,"us,is,fr,ca,jp"
2026-06-21,H200,Sesterce Cloud · On-demand,4.6255,USD,per GPU per hour,Sesterce Cloud,on_demand,4,141,fi
2026-06-21,H200,Spot (median),1.4,USD,per GPU per hour,,spot,,,
2026-06-21,H200,Spot (min),1.32,USD,per GPU per hour,Vast.ai,spot,1,141,cz
2026-06-21,H200,Theta EdgeCloud · On-demand,2.49,USD,per GPU per hour,Theta EdgeCloud,on_demand,1,141,
2026-06-21,H200,Vast.ai · Spot,1.32,USD,per GPU per hour,Vast.ai,spot,1,141,cz
2026-06-21,H200,Verda · Spot,1.4,USD,per GPU per hour,Verda,spot,1,141,
2026-06-22,A100,Cheapest,0.13,USD,per GPU per hour,Vast.ai,spot,1,80,gb
2026-06-22,A100,Hyperstack · Spot,1.08,USD,per GPU per hour,Hyperstack,spot,1,80,ca
2026-06-22,A100,Lambda · On-demand,1.99,USD,per GPU per hour,Lambda,on_demand,1,80,us
2026-06-22,A100,Oblivus · On-demand,1.47,USD,per GPU per hour,Oblivus,on_demand,1,80,us
2026-06-22,A100,On-demand (median),1.518,USD,per GPU per hour,,on_demand,,,
2026-06-22,A100,On-demand (min),0.78,USD,per GPU per hour,Thunder Compute,on_demand,1,80,
2026-06-22,A100,Runcrate · On-demand,1.52,USD,per GPU per hour,Runcrate,on_demand,1,80,us
2026-06-22,A100,Runpod · On-demand,1.39,USD,per GPU per hour,Runpod,on_demand,1,80,ca
2026-06-22,A100,Sesterce Cloud · On-demand,1.518,USD,per GPU per hour,Sesterce Cloud,on_demand,1,80,us
2026-06-22,A100,Spot (median),0.6265,USD,per GPU per hour,,spot,,,
2026-06-22,A100,Spot (min),0.13,USD,per GPU per hour,Vast.ai,spot,1,80,gb
2026-06-22,A100,Theta EdgeCloud · On-demand,1.99,USD,per GPU per hour,Theta EdgeCloud,on_demand,1,80,
2026-06-22,A100,Thunder Compute · On-demand,0.78,USD,per GPU per hour,Thunder Compute,on_demand,1,80,
2026-06-22,A100,Vast.ai · Spot,0.13,USD,per GPU per hour,Vast.ai,spot,1,80,gb
2026-06-22,A100,Verda · Spot,0.6265,USD,per GPU per hour,Verda,spot,1,80,
2026-06-22,B200,Beyond.pl · On-demand,5.1,USD,per GPU per hour,Beyond.pl,on_demand,1,180,pl
2026-06-22,B200,Cheapest,2.1385,USD,per GPU per hour,Verda,spot,2,180,
2026-06-22,B200,Hyperstack · On-demand,3.5,USD,per GPU per hour,Hyperstack,on_demand,8,180,ca
2026-06-22,B200,On-demand (median),4.3,USD,per GPU per hour,,on_demand,,,
2026-06-22,B200,On-demand (min),3.5,USD,per GPU per hour,Hyperstack,on_demand,8,180,ca
2026-06-22,B200,Runpod · Spot,5.49,USD,per GPU per hour,Runpod,spot,1,180,"ro,us"
2026-06-22,B200,Spot (median),2.4,USD,per GPU per hour,,spot,,,
2026-06-22,B200,Spot (min),2.1385,USD,per GPU per hour,Verda,spot,2,180,
2026-06-22,B200,Vast.ai · Spot,2.4,USD,per GPU per hour,Vast.ai,spot,1,180,us
2026-06-22,B200,Verda · Spot,2.1385,USD,per GPU per hour,Verda,spot,2,180,
2026-06-22,B300,Cheapest,2.625,USD,per GPU per hour,Verda,spot,1,288,
2026-06-22,B300,On-demand (median),8.646,USD,per GPU per hour,,on_demand,,,
2026-06-22,B300,On-demand (min),7.39,USD,per GPU per hour,Runpod,on_demand,1,288,nl
2026-06-22,B300,Runcrate · On-demand,8.7,USD,per GPU per hour,Runcrate,on_demand,1,288,fi
2026-06-22,B300,Runpod · On-demand,7.39,USD,per GPU per hour,Runpod,on_demand,1,288,nl
2026-06-22,B300,Scaleway · On-demand,8.592,USD,per GPU per hour,Scaleway,on_demand,8,288,fr
2026-06-22,B300,Sesterce Cloud · On-demand,8.701,USD,per GPU per hour,Sesterce Cloud,on_demand,1,288,fi
2026-06-22,B300,Spot (median),2.8725,USD,per GPU per hour,,spot,,,
2026-06-22,B300,Spot (min),2.625,USD,per GPU per hour,Verda,spot,1,288,
2026-06-22,B300,Vast.ai · Spot,3.12,USD,per GPU per hour,Vast.ai,spot,4,288,tw
2026-06-22,B300,Verda · Spot,2.625,USD,per GPU per hour,Verda,spot,1,288,
2026-06-22,H100,Cheapest,0.41,USD,per GPU per hour,Vast.ai,spot,2,80,gb
2026-06-22,H100,DigitalOcean · On-demand,3.39,USD,per GPU per hour,DigitalOcean,on_demand,1,80,nl
2026-06-22,H100,Novita AI · Spot,1.3,USD,per GPU per hour,Novita AI,spot,1,80,"is,us"
2026-06-22,H100,Oblivus · On-demand,2.178,USD,per GPU per hour,Oblivus,on_demand,1,80,us
2026-06-22,H100,On-demand (median),2.29,USD,per GPU per hour,,on_demand,,,
2026-06-22,H100,On-demand (min),1.38,USD,per GPU per hour,Thunder Compute,on_demand,1,80,
2026-06-22,H100,Runcrate · On-demand,2.09,USD,per GPU per hour,Runcrate,on_demand,1,80,"nl,us,fr,ca"
2026-06-22,H100,Runpod · Spot,2.39,USD,per GPU per hour,Runpod,spot,1,80,us
2026-06-22,H100,Scaleway · On-demand,3.2839,USD,per GPU per hour,Scaleway,on_demand,1,80,"fr,pl"
2026-06-22,H100,Sesterce Cloud · On-demand,6.589,USD,per GPU per hour,Sesterce Cloud,on_demand,1,80,us
2026-06-22,H100,Spot (median),1.2188,USD,per GPU per hour,,spot,,,
2026-06-22,H100,Spot (min),0.41,USD,per GPU per hour,Vast.ai,spot,2,80,gb
2026-06-22,H100,Theta EdgeCloud · On-demand,2.29,USD,per GPU per hour,Theta EdgeCloud,on_demand,1,80,
2026-06-22,H100,Thunder Compute · On-demand,1.38,USD,per GPU per hour,Thunder Compute,on_demand,1,80,
2026-06-22,H100,Vast.ai · Spot,0.41,USD,per GPU per hour,Vast.ai,spot,2,80,gb
2026-06-22,H100,Verda · Spot,1.1375,USD,per GPU per hour,Verda,spot,2,80,
2026-06-22,H200,Cheapest,1.4,USD,per GPU per hour,Verda,spot,1,141,
2026-06-22,H200,DigitalOcean · On-demand,3.44,USD,per GPU per hour,DigitalOcean,on_demand,1,141,us
2026-06-22,H200,Oblivus · On-demand,3.99,USD,per GPU per hour,Oblivus,on_demand,1,141,us
2026-06-22,H200,On-demand (median),3.78,USD,per GPU per hour,,on_demand,,,
2026-06-22,H200,On-demand (min),2.49,USD,per GPU per hour,Theta EdgeCloud,on_demand,1,141,
2026-06-22,H200,Runcrate · On-demand,3.78,USD,per GPU per hour,Runcrate,on_demand,1,141,"us,fi"
2026-06-22,H200,Runpod · Spot,3.99,USD,per GPU per hour,Runpod,spot,1,141,"us,is,fr,jp"
2026-06-22,H200,Sesterce Cloud · On-demand,4.851,USD,per GPU per hour,Sesterce Cloud,on_demand,1,141,fi
2026-06-22,H200,Spot (median),1.55,USD,per GPU per hour,,spot,,,
2026-06-22,H200,Spot (min),1.4,USD,per GPU per hour,Verda,spot,1,141,
2026-06-22,H200,Theta EdgeCloud · On-demand,2.49,USD,per GPU per hour,Theta EdgeCloud,on_demand,1,141,
2026-06-22,H200,Vast.ai · Spot,1.55,USD,per GPU per hour,Vast.ai,spot,2,141,jp
2026-06-22,H200,Verda · Spot,1.4,USD,per GPU per hour,Verda,spot,1,141,
2026-06-23,A100,Cheapest,0.6265,USD,per GPU per hour,Verda,spot,1,80,
2026-06-23,A100,Hyperstack · Spot,1.08,USD,per GPU per hour,Hyperstack,spot,1,80,ca
2026-06-23,A100,Oblivus · On-demand,1.57,USD,per GPU per hour,Oblivus,on_demand,8,80,us
2026-06-23,A100,On-demand (median),1.504,USD,per GPU per hour,,on_demand,,,
2026-06-23,A100,On-demand (min),0.78,USD,per GPU per hour,Thunder Compute,on_demand,1,80,
2026-06-23,A100,Runcrate · On-demand,1.49,USD,per GPU per hour,Runcrate,on_demand,1,80,us
2026-06-23,A100,Runpod · On-demand,1.49,USD,per GPU per hour,Runpod,on_demand,1,80,us
2026-06-23,A100,Sesterce Cloud · On-demand,1.518,USD,per GPU per hour,Sesterce Cloud,on_demand,1,80,us
2026-06-23,A100,Spot (median),0.8533,USD,per GPU per hour,,spot,,,
2026-06-23,A100,Spot (min),0.6265,USD,per GPU per hour,Verda,spot,1,80,
2026-06-23,A100,Theta EdgeCloud · On-demand,1.99,USD,per GPU per hour,Theta EdgeCloud,on_demand,1,80,
2026-06-23,A100,Thunder Compute · On-demand,0.78,USD,per GPU per hour,Thunder Compute,on_demand,1,80,
2026-06-23,A100,Verda · Spot,0.6265,USD,per GPU per hour,Verda,spot,1,80,
2026-06-23,B200,Beyond.pl · On-demand,5.1,USD,per GPU per hour,Beyond.pl,on_demand,1,180,pl
2026-06-23,B200,Cheapest,2.1385,USD,per GPU per hour,Verda,spot,2,180,
2026-06-23,B200,On-demand (median),5.1,USD,per GPU per hour,,on_demand,,,
2026-06-23,B200,On-demand (min),5.1,USD,per GPU per hour,Beyond.pl,on_demand,1,180,pl
2026-06-23,B200,Runpod · Spot,5.49,USD,per GPU per hour,Runpod,spot,1,180,us
2026-06-23,B200,Spot (median),3.8143,USD,per GPU per hour,,spot,,,
2026-06-23,B200,Spot (min),2.1385,USD,per GPU per hour,Verda,spot,2,180,
2026-06-23,B200,Verda · Spot,2.1385,USD,per GPU per hour,Verda,spot,2,180,
2026-06-23,B300,Cheapest,2.625,USD,per GPU per hour,Verda,spot,1,288,
2026-06-23,B300,On-demand (median),8.646,USD,per GPU per hour,,on_demand,,,
2026-06-23,B300,On-demand (min),7.39,USD,per GPU per hour,Runpod,on_demand,1,288,nl
2026-06-23,B300,Runcrate · On-demand,8.7,USD,per GPU per hour,Runcrate,on_demand,1,288,fi
2026-06-23,B300,Runpod · On-demand,7.39,USD,per GPU per hour,Runpod,on_demand,1,288,nl
2026-06-23,B300,Scaleway · On-demand,8.592,USD,per GPU per hour,Scaleway,on_demand,8,288,fr
2026-06-23,B300,Sesterce Cloud · On-demand,8.701,USD,per GPU per hour,Sesterce Cloud,on_demand,1,288,fi
2026-06-23,B300,Spot (median),2.625,USD,per GPU per hour,,spot,,,
2026-06-23,B300,Spot (min),2.625,USD,per GPU per hour,Verda,spot,1,288,
2026-06-23,B300,Verda · Spot,2.625,USD,per GPU per hour,Verda,spot,1,288,
2026-06-23,H100,Cheapest,1.1375,USD,per GPU per hour,Verda,spot,2,80,
2026-06-23,H100,Novita AI · Spot,1.3,USD,per GPU per hour,Novita AI,spot,1,80,"is,us"
2026-06-23,H100,On-demand (median),2.7869,USD,per GPU per hour,,on_demand,,,
2026-06-23,H100,On-demand (min),1.38,USD,per GPU per hour,Thunder Compute,on_demand,1,80,
2026-06-23,H100,Runcrate · On-demand,3.63,USD,per GPU per hour,Runcrate,on_demand,1,80,pl
2026-06-23,H100,Runpod · Spot,2.99,USD,per GPU per hour,Runpod,spot,1,80,"us,in,fr,ca,is,no,jp"
2026-06-23,H100,Scaleway · On-demand,3.2839,USD,per GPU per hour,Scaleway,on_demand,1,80,"fr,pl"
2026-06-23,H100,Spot (median),1.3,USD,per GPU per hour,,spot,,,
2026-06-23,H100,Spot (min),1.1375,USD,per GPU per hour,Verda,spot,2,80,
2026-06-23,H100,Theta EdgeCloud · On-demand,2.29,USD,per GPU per hour,Theta EdgeCloud,on_demand,1,80,
2026-06-23,H100,Thunder Compute · On-demand,1.38,USD,per GPU per hour,Thunder Compute,on_demand,1,80,
2026-06-23,H100,Verda · Spot,1.1375,USD,per GPU per hour,Verda,spot,2,80,
2026-06-23,H200,Cheapest,1.4,USD,per GPU per hour,Verda,spot,1,141,
2026-06-23,H200,Oblivus · On-demand,3.99,USD,per GPU per hour,Oblivus,on_demand,1,141,us
2026-06-23,H200,On-demand (median),4.42,USD,per GPU per hour,,on_demand,,,
2026-06-23,H200,On-demand (min),2.49,USD,per GPU per hour,Theta EdgeCloud,on_demand,1,141,
2026-06-23,H200,Runcrate · On-demand,4.85,USD,per GPU per hour,Runcrate,on_demand,1,141,fi
2026-06-23,H200,Runpod · Spot,3.99,USD,per GPU per hour,Runpod,spot,1,141,"us,is,fr,jp"
2026-06-23,H200,Sesterce Cloud · On-demand,4.851,USD,per GPU per hour,Sesterce Cloud,on_demand,1,141,fi
2026-06-23,H200,Spot (median),2.695,USD,per GPU per hour,,spot,,,
2026-06-23,H200,Spot (min),1.4,USD,per GPU per hour,Verda,spot,1,141,
2026-06-23,H200,Theta EdgeCloud · On-demand,2.49,USD,per GPU per hour,Theta EdgeCloud,on_demand,1,141,
2026-06-23,H200,Verda · Spot,1.4,USD,per GPU per hour,Verda,spot,1,141,
2026-06-24,A100,Cheapest,0.6265,USD,per GPU per hour,Verda,spot,1,80,
2026-06-24,A100,Hyperstack · Spot,1.08,USD,per GPU per hour,Hyperstack,spot,1,80,ca
2026-06-24,A100,Lambda · On-demand,1.99,USD,per GPU per hour,Lambda,on_demand,1,80,us
2026-06-24,A100,Oblivus · On-demand,1.57,USD,per GPU per hour,Oblivus,on_demand,8,80,us
2026-06-24,A100,On-demand (median),1.518,USD,per GPU per hour,,on_demand,,,
2026-06-24,A100,On-demand (min),0.78,USD,per GPU per hour,Thunder Compute,on_demand,1,80,
2026-06-24,A100,Runcrate · On-demand,1.49,USD,per GPU per hour,Runcrate,on_demand,1,80,"us,ca"
2026-06-24,A100,Runpod · On-demand,1.39,USD,per GPU per hour,Runpod,on_demand,1,80,ca
2026-06-24,A100,Sesterce Cloud · On-demand,1.518,USD,per GPU per hour,Sesterce Cloud,on_demand,1,80,us
2026-06-24,A100,Spot (median),0.8533,USD,per GPU per hour,,spot,,,
2026-06-24,A100,Spot (min),0.6265,USD,per GPU per hour,Verda,spot,1,80,
2026-06-24,A100,Theta EdgeCloud · On-demand,1.99,USD,per GPU per hour,Theta EdgeCloud,on_demand,1,80,
2026-06-24,A100,Thunder Compute · On-demand,0.78,USD,per GPU per hour,Thunder Compute,on_demand,1,80,
2026-06-24,A100,Verda · Spot,0.6265,USD,per GPU per hour,Verda,spot,1,80,
2026-06-24,B200,Beyond.pl · On-demand,5.1,USD,per GPU per hour,Beyond.pl,on_demand,1,180,pl
2026-06-24,B200,Cheapest,2.1385,USD,per GPU per hour,Verda,spot,2,180,
2026-06-24,B200,On-demand (median),5.1,USD,per GPU per hour,,on_demand,,,
2026-06-24,B200,On-demand (min),5.1,USD,per GPU per hour,Beyond.pl,on_demand,1,180,pl
2026-06-24,B200,Runpod · Spot,5.49,USD,per GPU per hour,Runpod,spot,1,180,"ro,us"
2026-06-24,B200,Spot (median),3.8143,USD,per GPU per hour,,spot,,,
2026-06-24,B200,Spot (min),2.1385,USD,per GPU per hour,Verda,spot,2,180,
2026-06-24,B200,Verda · Spot,2.1385,USD,per GPU per hour,Verda,spot,2,180,
2026-06-24,B300,Cheapest,2.625,USD,per GPU per hour,Verda,spot,1,288,
2026-06-24,B300,On-demand (median),7.967,USD,per GPU per hour,,on_demand,,,
2026-06-24,B300,On-demand (min),7.39,USD,per GPU per hour,Runpod,on_demand,1,288,nl
2026-06-24,B300,Runpod · On-demand,7.39,USD,per GPU per hour,Runpod,on_demand,1,288,nl
2026-06-24,B300,Scaleway · On-demand,8.544,USD,per GPU per hour,Scaleway,on_demand,8,288,fr
2026-06-24,B300,Spot (median),2.625,USD,per GPU per hour,,spot,,,
2026-06-24,B300,Spot (min),2.625,USD,per GPU per hour,Verda,spot,1,288,
2026-06-24,B300,Verda · Spot,2.625,USD,per GPU per hour,Verda,spot,1,288,
2026-06-24,H100,Cheapest,1.1375,USD,per GPU per hour,Verda,spot,2,80,
2026-06-24,H100,Lambda · On-demand,3.29,USD,per GPU per hour,Lambda,on_demand,1,80,us
2026-06-24,H100,Novita AI · Spot,1.3,USD,per GPU per hour,Novita AI,spot,1,80,"is,us"
2026-06-24,H100,Oblivus · On-demand,2.178,USD,per GPU per hour,Oblivus,on_demand,1,80,us
2026-06-24,H100,On-demand (median),2.29,USD,per GPU per hour,,on_demand,,,
2026-06-24,H100,On-demand (min),1.38,USD,per GPU per hour,Thunder Compute,on_demand,1,80,
2026-06-24,H100,Runcrate · On-demand,2.09,USD,per GPU per hour,Runcrate,on_demand,1,80,"ca,us"
2026-06-24,H100,Runpod · Spot,2.39,USD,per GPU per hour,Runpod,spot,1,80,"ca,us"
2026-06-24,H100,Scaleway · On-demand,3.2655,USD,per GPU per hour,Scaleway,on_demand,1,80,"fr,pl"
2026-06-24,H100,Sesterce Cloud · On-demand,4.609,USD,per GPU per hour,Sesterce Cloud,on_demand,2,80,us
2026-06-24,H100,Spot (median),1.3,USD,per GPU per hour,,spot,,,
2026-06-24,H100,Spot (min),1.1375,USD,per GPU per hour,Verda,spot,2,80,
2026-06-24,H100,Theta EdgeCloud · On-demand,2.29,USD,per GPU per hour,Theta EdgeCloud,on_demand,1,80,
2026-06-24,H100,Thunder Compute · On-demand,1.38,USD,per GPU per hour,Thunder Compute,on_demand,1,80,
2026-06-24,H100,Verda · Spot,1.1375,USD,per GPU per hour,Verda,spot,2,80,
2026-06-24,H200,Cheapest,1.4,USD,per GPU per hour,Verda,spot,1,141,
2026-06-24,H200,Oblivus · On-demand,3.99,USD,per GPU per hour,Oblivus,on_demand,1,141,us
2026-06-24,H200,On-demand (median),4.42,USD,per GPU per hour,,on_demand,,,
2026-06-24,H200,On-demand (min),2.49,USD,per GPU per hour,Theta EdgeCloud,on_demand,1,141,
2026-06-24,H200,Runcrate · On-demand,4.85,USD,per GPU per hour,Runcrate,on_demand,1,141,fi
2026-06-24,H200,Runpod · Spot,3.99,USD,per GPU per hour,Runpod,spot,1,141,"us,ca,is,fr,jp"
2026-06-24,H200,Sesterce Cloud · On-demand,4.851,USD,per GPU per hour,Sesterce Cloud,on_demand,1,141,fi
2026-06-24,H200,Spot (median),2.695,USD,per GPU per hour,,spot,,,
2026-06-24,H200,Spot (min),1.4,USD,per GPU per hour,Verda,spot,1,141,
2026-06-24,H200,Theta EdgeCloud · On-demand,2.49,USD,per GPU per hour,Theta EdgeCloud,on_demand,1,141,
2026-06-24,H200,Verda · Spot,1.4,USD,per GPU per hour,Verda,spot,1,141,
2026-06-25,A100,Cheapest,0.6265,USD,per GPU per hour,Verda,spot,1,80,
2026-06-25,A100,Hyperstack · Spot,1.08,USD,per GPU per hour,Hyperstack,spot,1,80,ca
2026-06-25,A100,Lambda · On-demand,1.99,USD,per GPU per hour,Lambda,on_demand,1,80,us
2026-06-25,A100,Oblivus · On-demand,1.47,USD,per GPU per hour,Oblivus,on_demand,1,80,us
2026-06-25,A100,On-demand (median),1.49,USD,per GPU per hour,,on_demand,,,
2026-06-25,A100,On-demand (min),0.78,USD,per GPU per hour,Thunder Compute,on_demand,1,80,
2026-06-25,A100,Runcrate · On-demand,1.49,USD,per GPU per hour,Runcrate,on_demand,1,80,"ca,us"
2026-06-25,A100,Runpod · On-demand,1.39,USD,per GPU per hour,Runpod,on_demand,1,80,"us,ca,ro"
2026-06-25,A100,Sesterce Cloud · On-demand,1.518,USD,per GPU per hour,Sesterce Cloud,on_demand,1,80,us
2026-06-25,A100,Spot (median),0.8533,USD,per GPU per hour,,spot,,,
2026-06-25,A100,Spot (min),0.6265,USD,per GPU per hour,Verda,spot,1,80,
2026-06-25,A100,Theta EdgeCloud · On-demand,1.99,USD,per GPU per hour,Theta EdgeCloud,on_demand,1,80,
2026-06-25,A100,Thunder Compute · On-demand,0.78,USD,per GPU per hour,Thunder Compute,on_demand,1,80,
2026-06-25,A100,Verda · Spot,0.6265,USD,per GPU per hour,Verda,spot,1,80,
2026-06-25,B200,Beyond.pl · On-demand,5.1,USD,per GPU per hour,Beyond.pl,on_demand,1,180,pl
2026-06-25,B200,Cheapest,2.1385,USD,per GPU per hour,Verda,spot,2,180,
2026-06-25,B200,On-demand (median),7.0592,USD,per GPU per hour,,on_demand,,,
2026-06-25,B200,On-demand (min),5.1,USD,per GPU per hour,Beyond.pl,on_demand,1,180,pl
2026-06-25,B200,Runcrate · On-demand,7.06,USD,per GPU per hour,Runcrate,on_demand,4,180,fi
2026-06-25,B200,Runpod · Spot,5.49,USD,per GPU per hour,Runpod,spot,1,180,us
2026-06-25,B200,Sesterce Cloud · On-demand,7.0592,USD,per GPU per hour,Sesterce Cloud,on_demand,4,180,fi
2026-06-25,B200,Spot (median),3.8143,USD,per GPU per hour,,spot,,,
2026-06-25,B200,Spot (min),2.1385,USD,per GPU per hour,Verda,spot,2,180,
2026-06-25,B200,Verda · Spot,2.1385,USD,per GPU per hour,Verda,spot,2,180,
2026-06-25,B300,Cheapest,2.625,USD,per GPU per hour,Verda,spot,1,288,
2026-06-25,B300,On-demand (median),8.6025,USD,per GPU per hour,,on_demand,,,
2026-06-25,B300,On-demand (min),7.39,USD,per GPU per hour,Runpod,on_demand,1,288,nl
2026-06-25,B300,Runcrate · On-demand,8.7,USD,per GPU per hour,Runcrate,on_demand,1,288,fi
2026-06-25,B300,Runpod · On-demand,7.39,USD,per GPU per hour,Runpod,on_demand,1,288,nl
2026-06-25,B300,Scaleway · On-demand,8.505,USD,per GPU per hour,Scaleway,on_demand,8,288,fr
2026-06-25,B300,Sesterce Cloud · On-demand,8.701,USD,per GPU per hour,Sesterce Cloud,on_demand,1,288,fi
2026-06-25,B300,Spot (median),2.625,USD,per GPU per hour,,spot,,,
2026-06-25,B300,Spot (min),2.625,USD,per GPU per hour,Verda,spot,1,288,
2026-06-25,B300,Verda · Spot,2.625,USD,per GPU per hour,Verda,spot,1,288,
2026-06-25,H100,Cheapest,1.1375,USD,per GPU per hour,Verda,spot,2,80,
2026-06-25,H100,DigitalOcean · On-demand,3.39,USD,per GPU per hour,DigitalOcean,on_demand,1,80,nl
2026-06-25,H100,Lambda · On-demand,4.29,USD,per GPU per hour,Lambda,on_demand,1,80,us
2026-06-25,H100,Latitude.sh · On-demand,3.37,USD,per GPU per hour,Latitude.sh,on_demand,1,80,us
2026-06-25,H100,Novita AI · Spot,1.3,USD,per GPU per hour,Novita AI,spot,1,80,"is,us"
2026-06-25,H100,Oblivus · On-demand,2.178,USD,per GPU per hour,Oblivus,on_demand,1,80,us
2026-06-25,H100,On-demand (median),2.29,USD,per GPU per hour,,on_demand,,,
2026-06-25,H100,On-demand (min),1.38,USD,per GPU per hour,Thunder Compute,on_demand,1,80,
2026-06-25,H100,Runcrate · On-demand,2.09,USD,per GPU per hour,Runcrate,on_demand,1,80,"nl,fr,ca,us"
2026-06-25,H100,Runpod · Spot,2.39,USD,per GPU per hour,Runpod,spot,1,80,us
2026-06-25,H100,Scaleway · On-demand,3.2506,USD,per GPU per hour,Scaleway,on_demand,1,80,"fr,pl"
2026-06-25,H100,Sesterce Cloud · On-demand,2.145,USD,per GPU per hour,Sesterce Cloud,on_demand,8,80,ca
2026-06-25,H100,Spot (median),1.3,USD,per GPU per hour,,spot,,,
2026-06-25,H100,Spot (min),1.1375,USD,per GPU per hour,Verda,spot,2,80,
2026-06-25,H100,Theta EdgeCloud · On-demand,2.29,USD,per GPU per hour,Theta EdgeCloud,on_demand,1,80,
2026-06-25,H100,Thunder Compute · On-demand,1.38,USD,per GPU per hour,Thunder Compute,on_demand,1,80,
2026-06-25,H100,Verda · Spot,1.1375,USD,per GPU per hour,Verda,spot,2,80,
2026-06-25,H200,Cheapest,1.4,USD,per GPU per hour,Verda,spot,1,141,
2026-06-25,H200,Oblivus · On-demand,3.99,USD,per GPU per hour,Oblivus,on_demand,1,141,us
2026-06-25,H200,On-demand (median),4.3078,USD,per GPU per hour,,on_demand,,,
2026-06-25,H200,On-demand (min),2.49,USD,per GPU per hour,Theta EdgeCloud,on_demand,1,141,
2026-06-25,H200,Runcrate · On-demand,4.63,USD,per GPU per hour,Runcrate,on_demand,4,141,fi
2026-06-25,H200,Runpod · Spot,3.99,USD,per GPU per hour,Runpod,spot,1,141,"us,ca,is,fr,jp"
2026-06-25,H200,Sesterce Cloud · On-demand,4.6255,USD,per GPU per hour,Sesterce Cloud,on_demand,4,141,fi
2026-06-25,H200,Spot (median),2.695,USD,per GPU per hour,,spot,,,
2026-06-25,H200,Spot (min),1.4,USD,per GPU per hour,Verda,spot,1,141,
2026-06-25,H200,Theta EdgeCloud · On-demand,2.49,USD,per GPU per hour,Theta EdgeCloud,on_demand,1,141,
2026-06-25,H200,Verda · Spot,1.4,USD,per GPU per hour,Verda,spot,1,141,
2026-06-26,A100,Cheapest,0.6265,USD,per GPU per hour,Verda,spot,1,80,
2026-06-26,A100,Hyperstack · Spot,1.08,USD,per GPU per hour,Hyperstack,spot,1,80,ca
2026-06-26,A100,Lambda · On-demand,1.99,USD,per GPU per hour,Lambda,on_demand,1,80,"us,in"
2026-06-26,A100,Oblivus · On-demand,1.47,USD,per GPU per hour,Oblivus,on_demand,1,80,us
2026-06-26,A100,On-demand (median),1.49,USD,per GPU per hour,,on_demand,,,
2026-06-26,A100,On-demand (min),0.78,USD,per GPU per hour,Thunder Compute,on_demand,1,80,
2026-06-26,A100,Runcrate · On-demand,1.49,USD,per GPU per hour,Runcrate,on_demand,1,80,"us,fi,ca"
2026-06-26,A100,Runpod · On-demand,1.39,USD,per GPU per hour,Runpod,on_demand,1,80,"us,ro,ca"
2026-06-26,A100,Sesterce Cloud · On-demand,1.518,USD,per GPU per hour,Sesterce Cloud,on_demand,1,80,us
2026-06-26,A100,Spot (median),0.8533,USD,per GPU per hour,,spot,,,
2026-06-26,A100,Spot (min),0.6265,USD,per GPU per hour,Verda,spot,1,80,
2026-06-26,A100,Theta EdgeCloud · On-demand,1.99,USD,per GPU per hour,Theta EdgeCloud,on_demand,1,80,
2026-06-26,A100,Thunder Compute · On-demand,0.78,USD,per GPU per hour,Thunder Compute,on_demand,1,80,
2026-06-26,A100,Verda · Spot,0.6265,USD,per GPU per hour,Verda,spot,1,80,
2026-06-26,B200,Beyond.pl · On-demand,5.1,USD,per GPU per hour,Beyond.pl,on_demand,1,180,pl
2026-06-26,B200,Cheapest,2.1385,USD,per GPU per hour,Verda,spot,2,180,
2026-06-26,B200,On-demand (median),5.1,USD,per GPU per hour,,on_demand,,,
2026-06-26,B200,On-demand (min),5.1,USD,per GPU per hour,Beyond.pl,on_demand,1,180,pl
2026-06-26,B200,Runpod · Spot,5.49,USD,per GPU per hour,Runpod,spot,1,180,us
2026-06-26,B200,Spot (median),3.8143,USD,per GPU per hour,,spot,,,
2026-06-26,B200,Spot (min),2.1385,USD,per GPU per hour,Verda,spot,2,180,
2026-06-26,B200,Verda · Spot,2.1385,USD,per GPU per hour,Verda,spot,2,180,
2026-06-26,B300,Cheapest,2.625,USD,per GPU per hour,Verda,spot,1,288,
2026-06-26,B300,On-demand (median),8.6032,USD,per GPU per hour,,on_demand,,,
2026-06-26,B300,On-demand (min),7.39,USD,per GPU per hour,Runpod,on_demand,1,288,nl
2026-06-26,B300,Runcrate · On-demand,8.7,USD,per GPU per hour,Runcrate,on_demand,1,288,fi
2026-06-26,B300,Runpod · On-demand,7.39,USD,per GPU per hour,Runpod,on_demand,1,288,nl
2026-06-26,B300,Scaleway · On-demand,8.5065,USD,per GPU per hour,Scaleway,on_demand,8,288,fr
2026-06-26,B300,Sesterce Cloud · On-demand,8.701,USD,per GPU per hour,Sesterce Cloud,on_demand,1,288,fi
2026-06-26,B300,Spot (median),2.625,USD,per GPU per hour,,spot,,,
2026-06-26,B300,Spot (min),2.625,USD,per GPU per hour,Verda,spot,1,288,
2026-06-26,B300,Verda · Spot,2.625,USD,per GPU per hour,Verda,spot,1,288,
2026-06-26,H100,Cheapest,1.1375,USD,per GPU per hour,Verda,spot,2,80,
2026-06-26,H100,Latitude.sh · On-demand,3.37,USD,per GPU per hour,Latitude.sh,on_demand,1,80,us
2026-06-26,H100,Novita AI · Spot,1.3,USD,per GPU per hour,Novita AI,spot,1,80,"is,us"
2026-06-26,H100,Oblivus · On-demand,2.178,USD,per GPU per hour,Oblivus,on_demand,1,80,us
2026-06-26,H100,On-demand (median),2.29,USD,per GPU per hour,,on_demand,,,
2026-06-26,H100,On-demand (min),1.38,USD,per GPU per hour,Thunder Compute,on_demand,1,80,
2026-06-26,H100,Runcrate · On-demand,2.09,USD,per GPU per hour,Runcrate,on_demand,1,80,"ca,fr,us"
2026-06-26,H100,Runpod · Spot,2.39,USD,per GPU per hour,Runpod,spot,1,80,"us,ca"
2026-06-26,H100,Scaleway · On-demand,3.2512,USD,per GPU per hour,Scaleway,on_demand,1,80,"fr,pl"
2026-06-26,H100,Sesterce Cloud · On-demand,3.63,USD,per GPU per hour,Sesterce Cloud,on_demand,2,80,fr
2026-06-26,H100,Spot (median),1.3,USD,per GPU per hour,,spot,,,
2026-06-26,H100,Spot (min),1.1375,USD,per GPU per hour,Verda,spot,2,80,
2026-06-26,H100,Theta EdgeCloud · On-demand,2.29,USD,per GPU per hour,Theta EdgeCloud,on_demand,1,80,
2026-06-26,H100,Thunder Compute · On-demand,1.38,USD,per GPU per hour,Thunder Compute,on_demand,1,80,
2026-06-26,H100,Verda · Spot,1.1375,USD,per GPU per hour,Verda,spot,2,80,
2026-06-26,H200,Cheapest,1.4,USD,per GPU per hour,Verda,spot,1,141,
2026-06-26,H200,DigitalOcean · On-demand,3.44,USD,per GPU per hour,DigitalOcean,on_demand,1,141,us
2026-06-26,H200,Oblivus · On-demand,3.99,USD,per GPU per hour,Oblivus,on_demand,1,141,us
2026-06-26,H200,On-demand (median),3.61,USD,per GPU per hour,,on_demand,,,
2026-06-26,H200,On-demand (min),2.49,USD,per GPU per hour,Theta EdgeCloud,on_demand,1,141,
2026-06-26,H200,Runcrate · On-demand,3.78,USD,per GPU per hour,Runcrate,on_demand,1,141,us
2026-06-26,H200,Runpod · Spot,3.99,USD,per GPU per hour,Runpod,spot,1,141,"us,ca,is,fr,jp"
2026-06-26,H200,Spot (median),2.695,USD,per GPU per hour,,spot,,,
2026-06-26,H200,Spot (min),1.4,USD,per GPU per hour,Verda,spot,1,141,
2026-06-26,H200,Theta EdgeCloud · On-demand,2.49,USD,per GPU per hour,Theta EdgeCloud,on_demand,1,141,
2026-06-26,H200,Verda · Spot,1.4,USD,per GPU per hour,Verda,spot,1,141,
2026-06-27,A100,AceCloud · Spot,1.1016,USD,per GPU per hour,AceCloud,spot,1,80,us
2026-06-27,A100,Cheapest,0.6265,USD,per GPU per hour,Verda,spot,1,80,
2026-06-27,A100,Hyperstack · Spot,1.08,USD,per GPU per hour,Hyperstack,spot,1,80,ca
2026-06-27,A100,Lambda · On-demand,1.99,USD,per GPU per hour,Lambda,on_demand,1,80,"us,in"
2026-06-27,A100,Oblivus · On-demand,1.57,USD,per GPU per hour,Oblivus,on_demand,8,80,us
2026-06-27,A100,On-demand (median),1.518,USD,per GPU per hour,,on_demand,,,
2026-06-27,A100,On-demand (min),0.78,USD,per GPU per hour,Thunder Compute,on_demand,1,80,
2026-06-27,A100,Runcrate · On-demand,1.49,USD,per GPU per hour,Runcrate,on_demand,1,80,us
2026-06-27,A100,Runpod · On-demand,1.39,USD,per GPU per hour,Runpod,on_demand,1,80,"ca,us"
2026-06-27,A100,Sesterce Cloud · On-demand,1.518,USD,per GPU per hour,Sesterce Cloud,on_demand,1,80,us
2026-06-27,A100,Spot (median),1.08,USD,per GPU per hour,,spot,,,
2026-06-27,A100,Spot (min),0.6265,USD,per GPU per hour,Verda,spot,1,80,
2026-06-27,A100,Theta EdgeCloud · On-demand,1.99,USD,per GPU per hour,Theta EdgeCloud,on_demand,1,80,
2026-06-27,A100,Thunder Compute · On-demand,0.78,USD,per GPU per hour,Thunder Compute,on_demand,1,80,
2026-06-27,A100,Verda · Spot,0.6265,USD,per GPU per hour,Verda,spot,1,80,
2026-06-27,B200,Beyond.pl · On-demand,5.1,USD,per GPU per hour,Beyond.pl,on_demand,1,180,pl
2026-06-27,B200,Cheapest,2.1385,USD,per GPU per hour,Verda,spot,2,180,
2026-06-27,B200,On-demand (median),7.17,USD,per GPU per hour,,on_demand,,,
2026-06-27,B200,On-demand (min),5.1,USD,per GPU per hour,Beyond.pl,on_demand,1,180,pl
2026-06-27,B200,Runcrate · On-demand,7.17,USD,per GPU per hour,Runcrate,on_demand,1,180,fi
2026-06-27,B200,Runpod · Spot,5.49,USD,per GPU per hour,Runpod,spot,1,180,"ro,us"
2026-06-27,B200,Sesterce Cloud · On-demand,7.172,USD,per GPU per hour,Sesterce Cloud,on_demand,1,180,fi
2026-06-27,B200,Spot (median),3.8143,USD,per GPU per hour,,spot,,,
2026-06-27,B200,Spot (min),2.1385,USD,per GPU per hour,Verda,spot,2,180,
2026-06-27,B200,Verda · Spot,2.1385,USD,per GPU per hour,Verda,spot,2,180,
2026-06-27,B300,Cheapest,2.625,USD,per GPU per hour,Verda,spot,1,288,
2026-06-27,B300,On-demand (median),8.6254,USD,per GPU per hour,,on_demand,,,
2026-06-27,B300,On-demand (min),7.39,USD,per GPU per hour,Runpod,on_demand,1,288,nl
2026-06-27,B300,Runcrate · On-demand,8.7,USD,per GPU per hour,Runcrate,on_demand,1,288,fi
2026-06-27,B300,Runpod · On-demand,7.39,USD,per GPU per hour,Runpod,on_demand,1,288,nl
2026-06-27,B300,Scaleway · On-demand,8.5508,USD,per GPU per hour,Scaleway,on_demand,8,288,fr
2026-06-27,B300,Sesterce Cloud · On-demand,8.701,USD,per GPU per hour,Sesterce Cloud,on_demand,1,288,fi
2026-06-27,B300,Spot (median),2.625,USD,per GPU per hour,,spot,,,
2026-06-27,B300,Spot (min),2.625,USD,per GPU per hour,Verda,spot,1,288,
2026-06-27,B300,Verda · Spot,2.625,USD,per GPU per hour,Verda,spot,1,288,
2026-06-27,H100,Cheapest,1.1375,USD,per GPU per hour,Verda,spot,2,80,
2026-06-27,H100,Latitude.sh · On-demand,3.37,USD,per GPU per hour,Latitude.sh,on_demand,1,80,us
2026-06-27,H100,Novita AI · Spot,1.3,USD,per GPU per hour,Novita AI,spot,1,80,"is,us"
2026-06-27,H100,Oblivus · On-demand,2.178,USD,per GPU per hour,Oblivus,on_demand,1,80,us
2026-06-27,H100,On-demand (median),2.29,USD,per GPU per hour,,on_demand,,,
2026-06-27,H100,On-demand (min),1.38,USD,per GPU per hour,Thunder Compute,on_demand,1,80,
2026-06-27,H100,Runcrate · On-demand,2.09,USD,per GPU per hour,Runcrate,on_demand,1,80,"ca,fr,pl,us"
2026-06-27,H100,Runpod · Spot,2.39,USD,per GPU per hour,Runpod,spot,1,80,"us,ca"
2026-06-27,H100,Scaleway · On-demand,3.2681,USD,per GPU per hour,Scaleway,on_demand,1,80,"fr,pl"
2026-06-27,H100,Sesterce Cloud · On-demand,3.63,USD,per GPU per hour,Sesterce Cloud,on_demand,2,80,fr
2026-06-27,H100,Spot (median),1.3,USD,per GPU per hour,,spot,,,
2026-06-27,H100,Spot (min),1.1375,USD,per GPU per hour,Verda,spot,2,80,
2026-06-27,H100,Theta EdgeCloud · On-demand,2.29,USD,per GPU per hour,Theta EdgeCloud,on_demand,1,80,
2026-06-27,H100,Thunder Compute · On-demand,1.38,USD,per GPU per hour,Thunder Compute,on_demand,1,80,
2026-06-27,H100,Verda · Spot,1.1375,USD,per GPU per hour,Verda,spot,2,80,
2026-06-27,H200,Cheapest,1.4,USD,per GPU per hour,Verda,spot,1,141,
2026-06-27,H200,Oblivus · On-demand,3.99,USD,per GPU per hour,Oblivus,on_demand,1,141,us
2026-06-27,H200,On-demand (median),4.42,USD,per GPU per hour,,on_demand,,,
2026-06-27,H200,On-demand (min),2.49,USD,per GPU per hour,Theta EdgeCloud,on_demand,1,141,
2026-06-27,H200,Runcrate · On-demand,4.85,USD,per GPU per hour,Runcrate,on_demand,1,141,fi
2026-06-27,H200,Runpod · Spot,3.99,USD,per GPU per hour,Runpod,spot,1,141,"us,ca,is,fr,jp"
2026-06-27,H200,Sesterce Cloud · On-demand,4.851,USD,per GPU per hour,Sesterce Cloud,on_demand,1,141,fi
2026-06-27,H200,Spot (median),2.695,USD,per GPU per hour,,spot,,,
2026-06-27,H200,Spot (min),1.4,USD,per GPU per hour,Verda,spot,1,141,
2026-06-27,H200,Theta EdgeCloud · On-demand,2.49,USD,per GPU per hour,Theta EdgeCloud,on_demand,1,141,
2026-06-27,H200,Verda · Spot,1.4,USD,per GPU per hour,Verda,spot,1,141,
2026-06-28,A100,AceCloud · Spot,1.1016,USD,per GPU per hour,AceCloud,spot,1,80,us
2026-06-28,A100,Cheapest,0.13,USD,per GPU per hour,Vast.ai,spot,1,80,gb
2026-06-28,A100,Hyperstack · Spot,1.08,USD,per GPU per hour,Hyperstack,spot,1,80,ca
2026-06-28,A100,Lambda · On-demand,1.99,USD,per GPU per hour,Lambda,on_demand,1,80,us
2026-06-28,A100,Oblivus · On-demand,1.47,USD,per GPU per hour,Oblivus,on_demand,1,80,us
2026-06-28,A100,On-demand (median),1.49,USD,per GPU per hour,,on_demand,,,
2026-06-28,A100,On-demand (min),0.78,USD,per GPU per hour,Thunder Compute,on_demand,1,80,
2026-06-28,A100,Runcrate · On-demand,1.49,USD,per GPU per hour,Runcrate,on_demand,1,80,"us,ca"
2026-06-28,A100,Runpod · On-demand,1.39,USD,per GPU per hour,Runpod,on_demand,1,80,"ca,us,ro"
2026-06-28,A100,Sesterce Cloud · On-demand,1.518,USD,per GPU per hour,Sesterce Cloud,on_demand,1,80,us
2026-06-28,A100,Spot (median),0.8533,USD,per GPU per hour,,spot,,,
2026-06-28,A100,Spot (min),0.13,USD,per GPU per hour,Vast.ai,spot,1,80,gb
2026-06-28,A100,Theta EdgeCloud · On-demand,1.99,USD,per GPU per hour,Theta EdgeCloud,on_demand,1,80,
2026-06-28,A100,Thunder Compute · On-demand,0.78,USD,per GPU per hour,Thunder Compute,on_demand,1,80,
2026-06-28,A100,Vast.ai · Spot,0.13,USD,per GPU per hour,Vast.ai,spot,1,80,gb
2026-06-28,A100,Verda · Spot,0.6265,USD,per GPU per hour,Verda,spot,1,80,
2026-06-28,B200,Beyond.pl · On-demand,5.1,USD,per GPU per hour,Beyond.pl,on_demand,1,180,pl
2026-06-28,B200,Cheapest,2.1385,USD,per GPU per hour,Verda,spot,2,180,
2026-06-28,B200,On-demand (median),7.17,USD,per GPU per hour,,on_demand,,,
2026-06-28,B200,On-demand (min),5.1,USD,per GPU per hour,Beyond.pl,on_demand,1,180,pl
2026-06-28,B200,Runcrate · On-demand,7.17,USD,per GPU per hour,Runcrate,on_demand,1,180,fi
2026-06-28,B200,Runpod · Spot,5.49,USD,per GPU per hour,Runpod,spot,1,180,"ro,us"
2026-06-28,B200,Sesterce Cloud · On-demand,7.172,USD,per GPU per hour,Sesterce Cloud,on_demand,1,180,fi
2026-06-28,B200,Spot (median),2.78,USD,per GPU per hour,,spot,,,
2026-06-28,B200,Spot (min),2.1385,USD,per GPU per hour,Verda,spot,2,180,
2026-06-28,B200,Vast.ai · Spot,2.78,USD,per GPU per hour,Vast.ai,spot,1,180,us
2026-06-28,B200,Verda · Spot,2.1385,USD,per GPU per hour,Verda,spot,2,180,
2026-06-28,B300,Cheapest,2.625,USD,per GPU per hour,Verda,spot,1,288,
2026-06-28,B300,On-demand (median),8.6254,USD,per GPU per hour,,on_demand,,,
2026-06-28,B300,On-demand (min),7.39,USD,per GPU per hour,Runpod,on_demand,1,288,nl
2026-06-28,B300,Runcrate · On-demand,8.7,USD,per GPU per hour,Runcrate,on_demand,1,288,fi
2026-06-28,B300,Runpod · On-demand,7.39,USD,per GPU per hour,Runpod,on_demand,1,288,nl
2026-06-28,B300,Scaleway · On-demand,8.5508,USD,per GPU per hour,Scaleway,on_demand,8,288,fr
2026-06-28,B300,Sesterce Cloud · On-demand,8.701,USD,per GPU per hour,Sesterce Cloud,on_demand,1,288,fi
2026-06-28,B300,Spot (median),4.0325,USD,per GPU per hour,,spot,,,
2026-06-28,B300,Spot (min),2.625,USD,per GPU per hour,Verda,spot,1,288,
2026-06-28,B300,Vast.ai · Spot,5.44,USD,per GPU per hour,Vast.ai,spot,4,288,us
2026-06-28,B300,Verda · Spot,2.625,USD,per GPU per hour,Verda,spot,1,288,
2026-06-28,H100,Cheapest,0.45,USD,per GPU per hour,Vast.ai,spot,4,80,jp
2026-06-28,H100,Lambda · On-demand,3.29,USD,per GPU per hour,Lambda,on_demand,1,80,us
2026-06-28,H100,Latitude.sh · On-demand,3.37,USD,per GPU per hour,Latitude.sh,on_demand,1,80,us
2026-06-28,H100,Novita AI · Spot,1.3,USD,per GPU per hour,Novita AI,spot,1,80,"is,us"
2026-06-28,H100,Oblivus · On-demand,2.178,USD,per GPU per hour,Oblivus,on_demand,1,80,us
2026-06-28,H100,On-demand (median),2.234,USD,per GPU per hour,,on_demand,,,
2026-06-28,H100,On-demand (min),1.38,USD,per GPU per hour,Thunder Compute,on_demand,1,80,
2026-06-28,H100,Runcrate · On-demand,2.09,USD,per GPU per hour,Runcrate,on_demand,1,80,"ca,fr,us"
2026-06-28,H100,Runpod · Spot,2.39,USD,per GPU per hour,Runpod,spot,1,80,"us,ca"
2026-06-28,H100,Scaleway · On-demand,3.2681,USD,per GPU per hour,Scaleway,on_demand,1,80,"fr,pl"
2026-06-28,H100,Sesterce Cloud · On-demand,2.145,USD,per GPU per hour,Sesterce Cloud,on_demand,8,80,ca
2026-06-28,H100,Spot (median),1.2188,USD,per GPU per hour,,spot,,,
2026-06-28,H100,Spot (min),0.45,USD,per GPU per hour,Vast.ai,spot,4,80,jp
2026-06-28,H100,Theta EdgeCloud · On-demand,2.29,USD,per GPU per hour,Theta EdgeCloud,on_demand,1,80,
2026-06-28,H100,Thunder Compute · On-demand,1.38,USD,per GPU per hour,Thunder Compute,on_demand,1,80,
2026-06-28,H100,Vast.ai · Spot,0.45,USD,per GPU per hour,Vast.ai,spot,4,80,jp
2026-06-28,H100,Verda · Spot,1.1375,USD,per GPU per hour,Verda,spot,2,80,
2026-06-28,H200,Cheapest,1.4,USD,per GPU per hour,Verda,spot,1,141,
2026-06-28,H200,Hyperstack · On-demand,3.5,USD,per GPU per hour,Hyperstack,on_demand,8,141,ca
2026-06-28,H200,Oblivus · On-demand,3.99,USD,per GPU per hour,Oblivus,on_demand,1,141,us
2026-06-28,H200,On-demand (median),3.5,USD,per GPU per hour,,on_demand,,,
2026-06-28,H200,On-demand (min),2.49,USD,per GPU per hour,Theta EdgeCloud,on_demand,1,141,
2026-06-28,H200,Runpod · Spot,3.99,USD,per GPU per hour,Runpod,spot,1,141,"ca,us,is,fr,jp"
2026-06-28,H200,Spot (median),2.83,USD,per GPU per hour,,spot,,,
2026-06-28,H200,Spot (min),1.4,USD,per GPU per hour,Verda,spot,1,141,
2026-06-28,H200,Theta EdgeCloud · On-demand,2.49,USD,per GPU per hour,Theta EdgeCloud,on_demand,1,141,
2026-06-28,H200,Vast.ai · Spot,2.83,USD,per GPU per hour,Vast.ai,spot,8,141,it
2026-06-28,H200,Verda · Spot,1.4,USD,per GPU per hour,Verda,spot,1,141,
2026-06-29,A100,AceCloud · Spot,1.1016,USD,per GPU per hour,AceCloud,spot,1,80,us
2026-06-29,A100,Cheapest,0.13,USD,per GPU per hour,Vast.ai,spot,1,80,gb
2026-06-29,A100,Hyperstack · Spot,1.08,USD,per GPU per hour,Hyperstack,spot,1,80,ca
2026-06-29,A100,Lambda · On-demand,1.99,USD,per GPU per hour,Lambda,on_demand,1,80,"in,us"
2026-06-29,A100,Oblivus · On-demand,1.47,USD,per GPU per hour,Oblivus,on_demand,1,80,us
2026-06-29,A100,On-demand (median),1.49,USD,per GPU per hour,,on_demand,,,
2026-06-29,A100,On-demand (min),0.78,USD,per GPU per hour,Thunder Compute,on_demand,1,80,
2026-06-29,A100,Runcrate · On-demand,1.49,USD,per GPU per hour,Runcrate,on_demand,1,80,"fi,us,ca"
2026-06-29,A100,Runpod · On-demand,1.39,USD,per GPU per hour,Runpod,on_demand,1,80,"us,ro,ca"
2026-06-29,A100,Sesterce Cloud · On-demand,1.518,USD,per GPU per hour,Sesterce Cloud,on_demand,1,80,us
2026-06-29,A100,Spot (median),0.8533,USD,per GPU per hour,,spot,,,
2026-06-29,A100,Spot (min),0.13,USD,per GPU per hour,Vast.ai,spot,1,80,gb
2026-06-29,A100,Theta EdgeCloud · On-demand,1.99,USD,per GPU per hour,Theta EdgeCloud,on_demand,1,80,
2026-06-29,A100,Thunder Compute · On-demand,0.78,USD,per GPU per hour,Thunder Compute,on_demand,1,80,
2026-06-29,A100,Vast.ai · Spot,0.13,USD,per GPU per hour,Vast.ai,spot,1,80,gb
2026-06-29,A100,Verda · Spot,0.6265,USD,per GPU per hour,Verda,spot,1,80,
2026-06-29,B200,Beyond.pl · On-demand,5.1,USD,per GPU per hour,Beyond.pl,on_demand,1,180,pl
2026-06-29,B200,Cheapest,2.1385,USD,per GPU per hour,Verda,spot,2,180,
2026-06-29,B200,On-demand (median),5.1,USD,per GPU per hour,,on_demand,,,
2026-06-29,B200,On-demand (min),5.1,USD,per GPU per hour,Beyond.pl,on_demand,1,180,pl
2026-06-29,B200,Runpod · Spot,5.49,USD,per GPU per hour,Runpod,spot,1,180,"ro,us"
2026-06-29,B200,Spot (median),2.78,USD,per GPU per hour,,spot,,,
2026-06-29,B200,Spot (min),2.1385,USD,per GPU per hour,Verda,spot,2,180,
2026-06-29,B200,Vast.ai · Spot,2.78,USD,per GPU per hour,Vast.ai,spot,2,180,us
2026-06-29,B200,Verda · Spot,2.1385,USD,per GPU per hour,Verda,spot,2,180,
2026-06-29,B300,Cheapest,2.5,USD,per GPU per hour,Vast.ai,spot,8,288,ca
2026-06-29,B300,On-demand (median),8.7,USD,per GPU per hour,,on_demand,,,
2026-06-29,B300,On-demand (min),8.5508,USD,per GPU per hour,Scaleway,on_demand,8,288,fr
2026-06-29,B300,Runcrate · On-demand,8.7,USD,per GPU per hour,Runcrate,on_demand,1,288,fi
2026-06-29,B300,Scaleway · On-demand,8.5508,USD,per GPU per hour,Scaleway,on_demand,8,288,fr
2026-06-29,B300,Sesterce Cloud · On-demand,8.701,USD,per GPU per hour,Sesterce Cloud,on_demand,1,288,fi
2026-06-29,B300,Spot (median),2.5625,USD,per GPU per hour,,spot,,,
2026-06-29,B300,Spot (min),2.5,USD,per GPU per hour,Vast.ai,spot,8,288,ca
2026-06-29,B300,Vast.ai · Spot,2.5,USD,per GPU per hour,Vast.ai,spot,8,288,ca
2026-06-29,B300,Verda · Spot,2.625,USD,per GPU per hour,Verda,spot,1,288,
2026-06-29,H100,Cheapest,0.45,USD,per GPU per hour,Vast.ai,spot,2,80,jp
2026-06-29,H100,DigitalOcean · On-demand,3.39,USD,per GPU per hour,DigitalOcean,on_demand,1,80,nl
2026-06-29,H100,Lambda · On-demand,3.29,USD,per GPU per hour,Lambda,on_demand,1,80,us
2026-06-29,H100,Latitude.sh · On-demand,3.37,USD,per GPU per hour,Latitude.sh,on_demand,1,80,us
2026-06-29,H100,Novita AI · Spot,1.3,USD,per GPU per hour,Novita AI,spot,1,80,"is,us"
2026-06-29,H100,Oblivus · On-demand,2.178,USD,per GPU per hour,Oblivus,on_demand,1,80,us
2026-06-29,H100,On-demand (median),2.29,USD,per GPU per hour,,on_demand,,,
2026-06-29,H100,On-demand (min),1.38,USD,per GPU per hour,Thunder Compute,on_demand,1,80,
2026-06-29,H100,Runcrate · On-demand,2.09,USD,per GPU per hour,Runcrate,on_demand,1,80,"ca,nl,fr,us"
2026-06-29,H100,Runpod · Spot,2.39,USD,per GPU per hour,Runpod,spot,1,80,"ca,us"
2026-06-29,H100,Scaleway · On-demand,3.2681,USD,per GPU per hour,Scaleway,on_demand,1,80,"fr,pl"
2026-06-29,H100,Sesterce Cloud · On-demand,2.145,USD,per GPU per hour,Sesterce Cloud,on_demand,8,80,ca
2026-06-29,H100,Spot (median),1.2188,USD,per GPU per hour,,spot,,,
2026-06-29,H100,Spot (min),0.45,USD,per GPU per hour,Vast.ai,spot,2,80,jp
2026-06-29,H100,Theta EdgeCloud · On-demand,2.29,USD,per GPU per hour,Theta EdgeCloud,on_demand,1,80,
2026-06-29,H100,Thunder Compute · On-demand,1.38,USD,per GPU per hour,Thunder Compute,on_demand,1,80,
2026-06-29,H100,Vast.ai · Spot,0.45,USD,per GPU per hour,Vast.ai,spot,2,80,jp
2026-06-29,H100,Verda · Spot,1.1375,USD,per GPU per hour,Verda,spot,2,80,
2026-06-29,H200,Cheapest,1.4,USD,per GPU per hour,Verda,spot,1,141,
2026-06-29,H200,Hyperstack · On-demand,3.5,USD,per GPU per hour,Hyperstack,on_demand,8,141,ca
2026-06-29,H200,Oblivus · On-demand,3.99,USD,per GPU per hour,Oblivus,on_demand,1,141,us
2026-06-29,H200,On-demand (median),3.99,USD,per GPU per hour,,on_demand,,,
2026-06-29,H200,On-demand (min),2.49,USD,per GPU per hour,Theta EdgeCloud,on_demand,1,141,
2026-06-29,H200,Runcrate · On-demand,4.85,USD,per GPU per hour,Runcrate,on_demand,1,141,fi
2026-06-29,H200,Runpod · Spot,3.99,USD,per GPU per hour,Runpod,spot,1,141,"us,ca,is,fr,jp"
2026-06-29,H200,Sesterce Cloud · On-demand,4.851,USD,per GPU per hour,Sesterce Cloud,on_demand,1,141,fi
2026-06-29,H200,Spot (median),1.93,USD,per GPU per hour,,spot,,,
2026-06-29,H200,Spot (min),1.4,USD,per GPU per hour,Verda,spot,1,141,
2026-06-29,H200,Theta EdgeCloud · On-demand,2.49,USD,per GPU per hour,Theta EdgeCloud,on_demand,1,141,
2026-06-29,H200,Vast.ai · Spot,1.93,USD,per GPU per hour,Vast.ai,spot,2,141,ca
2026-06-29,H200,Verda · Spot,1.4,USD,per GPU per hour,Verda,spot,1,141,
2026-06-30,A100,AceCloud · Spot,1.1006,USD,per GPU per hour,AceCloud,spot,1,80,us
2026-06-30,A100,Cheapest,0.13,USD,per GPU per hour,Vast.ai,spot,1,80,gb
2026-06-30,A100,Hyperstack · Spot,1.08,USD,per GPU per hour,Hyperstack,spot,1,80,ca
2026-06-30,A100,Lambda · On-demand,1.99,USD,per GPU per hour,Lambda,on_demand,1,80,us
2026-06-30,A100,Oblivus · On-demand,1.47,USD,per GPU per hour,Oblivus,on_demand,1,80,us
2026-06-30,A100,On-demand (median),1.49,USD,per GPU per hour,,on_demand,,,
2026-06-30,A100,On-demand (min),0.78,USD,per GPU per hour,Thunder Compute,on_demand,1,80,
2026-06-30,A100,Runcrate · On-demand,1.49,USD,per GPU per hour,Runcrate,on_demand,1,80,"us,ca"
2026-06-30,A100,Runpod · On-demand,1.39,USD,per GPU per hour,Runpod,on_demand,1,80,"ca,us,ro"
2026-06-30,A100,Sesterce Cloud · On-demand,1.518,USD,per GPU per hour,Sesterce Cloud,on_demand,1,80,us
2026-06-30,A100,Spot (median),0.8533,USD,per GPU per hour,,spot,,,
2026-06-30,A100,Spot (min),0.13,USD,per GPU per hour,Vast.ai,spot,1,80,gb
2026-06-30,A100,Theta EdgeCloud · On-demand,1.99,USD,per GPU per hour,Theta EdgeCloud,on_demand,1,80,
2026-06-30,A100,Thunder Compute · On-demand,0.78,USD,per GPU per hour,Thunder Compute,on_demand,1,80,
2026-06-30,A100,Vast.ai · Spot,0.13,USD,per GPU per hour,Vast.ai,spot,1,80,gb
2026-06-30,A100,Verda · Spot,0.6265,USD,per GPU per hour,Verda,spot,1,80,
2026-06-30,B200,Beyond.pl · On-demand,5.1,USD,per GPU per hour,Beyond.pl,on_demand,1,180,pl
2026-06-30,B200,Cheapest,2.1385,USD,per GPU per hour,Verda,spot,2,180,
2026-06-30,B200,On-demand (median),5.1,USD,per GPU per hour,,on_demand,,,
2026-06-30,B200,On-demand (min),5.1,USD,per GPU per hour,Beyond.pl,on_demand,1,180,pl
2026-06-30,B200,Runpod · Spot,5.49,USD,per GPU per hour,Runpod,spot,1,180,"ro,us"
2026-06-30,B200,Spot (median),2.78,USD,per GPU per hour,,spot,,,
2026-06-30,B200,Spot (min),2.1385,USD,per GPU per hour,Verda,spot,2,180,
2026-06-30,B200,Vast.ai · Spot,2.78,USD,per GPU per hour,Vast.ai,spot,1,180,us
2026-06-30,B200,Verda · Spot,2.1385,USD,per GPU per hour,Verda,spot,2,180,
2026-06-30,B300,Cheapest,2.5,USD,per GPU per hour,Vast.ai,spot,8,288,ca
2026-06-30,B300,On-demand (median),8.5545,USD,per GPU per hour,,on_demand,,,
2026-06-30,B300,On-demand (min),8.5545,USD,per GPU per hour,Scaleway,on_demand,8,288,fr
2026-06-30,B300,Scaleway · On-demand,8.5545,USD,per GPU per hour,Scaleway,on_demand,8,288,fr
2026-06-30,B300,Spot (median),2.5625,USD,per GPU per hour,,spot,,,
2026-06-30,B300,Spot (min),2.5,USD,per GPU per hour,Vast.ai,spot,8,288,ca
2026-06-30,B300,Vast.ai · Spot,2.5,USD,per GPU per hour,Vast.ai,spot,8,288,ca
2026-06-30,B300,Verda · Spot,2.625,USD,per GPU per hour,Verda,spot,1,288,
2026-06-30,H100,Cheapest,0.45,USD,per GPU per hour,Vast.ai,spot,1,80,jp
2026-06-30,H100,DigitalOcean · On-demand,3.39,USD,per GPU per hour,DigitalOcean,on_demand,1,80,us
2026-06-30,H100,Novita AI · Spot,1.3,USD,per GPU per hour,Novita AI,spot,1,80,"is,us"
2026-06-30,H100,Oblivus · On-demand,2.178,USD,per GPU per hour,Oblivus,on_demand,1,80,us
2026-06-30,H100,On-demand (median),2.29,USD,per GPU per hour,,on_demand,,,
2026-06-30,H100,On-demand (min),1.38,USD,per GPU per hour,Thunder Compute,on_demand,1,80,
2026-06-30,H100,Runcrate · On-demand,2.09,USD,per GPU per hour,Runcrate,on_demand,1,80,"ca,fr,pl,us"
2026-06-30,H100,Runpod · Spot,2.39,USD,per GPU per hour,Runpod,spot,1,80,"us,ca"
2026-06-30,H100,Scaleway · On-demand,3.2695,USD,per GPU per hour,Scaleway,on_demand,1,80,"fr,pl"
2026-06-30,H100,Sesterce Cloud · On-demand,3.63,USD,per GPU per hour,Sesterce Cloud,on_demand,2,80,fr
2026-06-30,H100,Spot (median),1.2188,USD,per GPU per hour,,spot,,,
2026-06-30,H100,Spot (min),0.45,USD,per GPU per hour,Vast.ai,spot,1,80,jp
2026-06-30,H100,Theta EdgeCloud · On-demand,2.29,USD,per GPU per hour,Theta EdgeCloud,on_demand,1,80,
2026-06-30,H100,Thunder Compute · On-demand,1.38,USD,per GPU per hour,Thunder Compute,on_demand,1,80,
2026-06-30,H100,Vast.ai · Spot,0.45,USD,per GPU per hour,Vast.ai,spot,1,80,jp
2026-06-30,H100,Verda · Spot,1.1375,USD,per GPU per hour,Verda,spot,2,80,
2026-06-30,H200,Cheapest,1.4,USD,per GPU per hour,Verda,spot,1,141,
2026-06-30,H200,Hyperstack · On-demand,3.5,USD,per GPU per hour,Hyperstack,on_demand,8,141,ca
2026-06-30,H200,Oblivus · On-demand,3.99,USD,per GPU per hour,Oblivus,on_demand,1,141,us
2026-06-30,H200,On-demand (median),3.99,USD,per GPU per hour,,on_demand,,,
2026-06-30,H200,On-demand (min),2.49,USD,per GPU per hour,Theta EdgeCloud,on_demand,1,141,
2026-06-30,H200,Runcrate · On-demand,4.63,USD,per GPU per hour,Runcrate,on_demand,1,141,fi
2026-06-30,H200,Runpod · Spot,3.99,USD,per GPU per hour,Runpod,spot,1,141,"ca,us,fr,is,jp"
2026-06-30,H200,Sesterce Cloud · On-demand,4.6255,USD,per GPU per hour,Sesterce Cloud,on_demand,4,141,fi
2026-06-30,H200,Spot (median),2.05,USD,per GPU per hour,,spot,,,
2026-06-30,H200,Spot (min),1.4,USD,per GPU per hour,Verda,spot,1,141,
2026-06-30,H200,Theta EdgeCloud · On-demand,2.49,USD,per GPU per hour,Theta EdgeCloud,on_demand,1,141,
2026-06-30,H200,Vast.ai · Spot,2.05,USD,per GPU per hour,Vast.ai,spot,4,141,ca
2026-06-30,H200,Verda · Spot,1.4,USD,per GPU per hour,Verda,spot,1,141,
2026-07-01,A100,AceCloud · Spot,1.0985,USD,per GPU per hour,AceCloud,spot,1,80,us
2026-07-01,A100,Cheapest,0.13,USD,per GPU per hour,Vast.ai,spot,1,80,gb
2026-07-01,A100,Hyperstack · Spot,1.08,USD,per GPU per hour,Hyperstack,spot,1,80,ca
2026-07-01,A100,Lambda · On-demand,1.99,USD,per GPU per hour,Lambda,on_demand,1,80,us
2026-07-01,A100,On-demand (median),1.504,USD,per GPU per hour,,on_demand,,,
2026-07-01,A100,On-demand (min),1.09,USD,per GPU per hour,Thunder Compute,on_demand,1,80,
2026-07-01,A100,Runcrate · On-demand,1.49,USD,per GPU per hour,Runcrate,on_demand,1,80,us
2026-07-01,A100,Runpod · On-demand,1.39,USD,per GPU per hour,Runpod,on_demand,1,80,"us,ca"
2026-07-01,A100,Sesterce Cloud · On-demand,1.518,USD,per GPU per hour,Sesterce Cloud,on_demand,1,80,us
2026-07-01,A100,Spot (median),0.8533,USD,per GPU per hour,,spot,,,
2026-07-01,A100,Spot (min),0.13,USD,per GPU per hour,Vast.ai,spot,1,80,gb
2026-07-01,A100,Theta EdgeCloud · On-demand,1.99,USD,per GPU per hour,Theta EdgeCloud,on_demand,1,80,
2026-07-01,A100,Thunder Compute · On-demand,1.09,USD,per GPU per hour,Thunder Compute,on_demand,1,80,
2026-07-01,A100,Vast.ai · Spot,0.13,USD,per GPU per hour,Vast.ai,spot,1,80,gb
2026-07-01,A100,Verda · Spot,0.6265,USD,per GPU per hour,Verda,spot,1,80,
2026-07-01,B200,Beyond.pl · On-demand,5.1,USD,per GPU per hour,Beyond.pl,on_demand,1,180,pl
2026-07-01,B200,Cheapest,2.1385,USD,per GPU per hour,Verda,spot,2,180,
2026-07-01,B200,On-demand (median),5.1,USD,per GPU per hour,,on_demand,,,
2026-07-01,B200,On-demand (min),5.1,USD,per GPU per hour,Beyond.pl,on_demand,1,180,pl
2026-07-01,B200,Runpod · Spot,5.49,USD,per GPU per hour,Runpod,spot,1,180,"ro,us"
2026-07-01,B200,Spot (median),4.38,USD,per GPU per hour,,spot,,,
2026-07-01,B200,Spot (min),2.1385,USD,per GPU per hour,Verda,spot,2,180,
2026-07-01,B200,Vast.ai · Spot,4.38,USD,per GPU per hour,Vast.ai,spot,1,180,us
2026-07-01,B200,Verda · Spot,2.1385,USD,per GPU per hour,Verda,spot,2,180,
2026-07-01,B300,Cheapest,2.625,USD,per GPU per hour,Verda,spot,1,288,
2026-07-01,B300,On-demand (median),8.6227,USD,per GPU per hour,,on_demand,,,
2026-07-01,B300,On-demand (min),7.39,USD,per GPU per hour,Runpod,on_demand,1,288,nl
2026-07-01,B300,Runcrate · On-demand,8.7,USD,per GPU per hour,Runcrate,on_demand,1,288,fi
2026-07-01,B300,Runpod · On-demand,7.39,USD,per GPU per hour,Runpod,on_demand,1,288,nl
2026-07-01,B300,Scaleway · On-demand,8.5455,USD,per GPU per hour,Scaleway,on_demand,8,288,fr
2026-07-01,B300,Sesterce Cloud · On-demand,8.701,USD,per GPU per hour,Sesterce Cloud,on_demand,1,288,fi
2026-07-01,B300,Spot (median),2.6875,USD,per GPU per hour,,spot,,,
2026-07-01,B300,Spot (min),2.625,USD,per GPU per hour,Verda,spot,1,288,
2026-07-01,B300,Vast.ai · Spot,2.75,USD,per GPU per hour,Vast.ai,spot,8,288,ca
2026-07-01,B300,Verda · Spot,2.625,USD,per GPU per hour,Verda,spot,1,288,
2026-07-01,H100,Cheapest,0.34,USD,per GPU per hour,Vast.ai,spot,2,80,gb
2026-07-01,H100,Lambda · On-demand,3.29,USD,per GPU per hour,Lambda,on_demand,1,80,us
2026-07-01,H100,Latitude.sh · On-demand,3.37,USD,per GPU per hour,Latitude.sh,on_demand,1,80,us
2026-07-01,H100,Novita AI · Spot,1.3,USD,per GPU per hour,Novita AI,spot,1,80,"is,us"
2026-07-01,H100,Oblivus · On-demand,3.5,USD,per GPU per hour,Oblivus,on_demand,1,80,us
2026-07-01,H100,On-demand (median),2.778,USD,per GPU per hour,,on_demand,,,
2026-07-01,H100,On-demand (min),2.09,USD,per GPU per hour,Runcrate,on_demand,1,80,"ca,us,fr"
2026-07-01,H100,Runcrate · On-demand,2.09,USD,per GPU per hour,Runcrate,on_demand,1,80,"ca,us,fr"
2026-07-01,H100,Runpod · Spot,2.39,USD,per GPU per hour,Runpod,spot,1,80,us
2026-07-01,H100,Scaleway · On-demand,3.2661,USD,per GPU per hour,Scaleway,on_demand,1,80,"fr,pl"
2026-07-01,H100,Sesterce Cloud · On-demand,2.145,USD,per GPU per hour,Sesterce Cloud,on_demand,8,80,ca
2026-07-01,H100,Spot (median),1.2188,USD,per GPU per hour,,spot,,,
2026-07-01,H100,Spot (min),0.34,USD,per GPU per hour,Vast.ai,spot,2,80,gb
2026-07-01,H100,Theta EdgeCloud · On-demand,2.29,USD,per GPU per hour,Theta EdgeCloud,on_demand,1,80,
2026-07-01,H100,Thunder Compute · On-demand,2.19,USD,per GPU per hour,Thunder Compute,on_demand,1,80,
2026-07-01,H100,Vast.ai · Spot,0.34,USD,per GPU per hour,Vast.ai,spot,2,80,gb
2026-07-01,H100,Verda · Spot,1.1375,USD,per GPU per hour,Verda,spot,2,80,
2026-07-01,H200,Cheapest,1.32,USD,per GPU per hour,Vast.ai,spot,1,141,cz
2026-07-01,H200,Oblivus · On-demand,3.99,USD,per GPU per hour,Oblivus,on_demand,1,141,us
2026-07-01,H200,On-demand (median),4.42,USD,per GPU per hour,,on_demand,,,
2026-07-01,H200,On-demand (min),2.49,USD,per GPU per hour,Theta EdgeCloud,on_demand,1,141,
2026-07-01,H200,Runcrate · On-demand,4.85,USD,per GPU per hour,Runcrate,on_demand,1,141,fi
2026-07-01,H200,Runpod · Spot,3.99,USD,per GPU per hour,Runpod,spot,1,141,"ca,us,is,jp"
2026-07-01,H200,Sesterce Cloud · On-demand,4.851,USD,per GPU per hour,Sesterce Cloud,on_demand,1,141,fi
2026-07-01,H200,Spot (median),1.4,USD,per GPU per hour,,spot,,,
2026-07-01,H200,Spot (min),1.32,USD,per GPU per hour,Vast.ai,spot,1,141,cz
2026-07-01,H200,Theta EdgeCloud · On-demand,2.49,USD,per GPU per hour,Theta EdgeCloud,on_demand,1,141,
2026-07-01,H200,Vast.ai · Spot,1.32,USD,per GPU per hour,Vast.ai,spot,1,141,cz
2026-07-01,H200,Verda · Spot,1.4,USD,per GPU per hour,Verda,spot,1,141,
2026-07-02,A100,AceCloud · Spot,1.0923,USD,per GPU per hour,AceCloud,spot,1,80,us
2026-07-02,A100,Cheapest,0.13,USD,per GPU per hour,Vast.ai,spot,1,80,gb
2026-07-02,A100,Hyperstack · Spot,1.08,USD,per GPU per hour,Hyperstack,spot,1,80,ca
2026-07-02,A100,Lambda · On-demand,1.99,USD,per GPU per hour,Lambda,on_demand,1,80,"in,us"
2026-07-02,A100,Oblivus · On-demand,1.47,USD,per GPU per hour,Oblivus,on_demand,1,80,us
2026-07-02,A100,On-demand (median),1.49,USD,per GPU per hour,,on_demand,,,
2026-07-02,A100,On-demand (min),1.09,USD,per GPU per hour,Thunder Compute,on_demand,1,80,
2026-07-02,A100,Runcrate · On-demand,1.49,USD,per GPU per hour,Runcrate,on_demand,1,80,us
2026-07-02,A100,Runpod · On-demand,1.39,USD,per GPU per hour,Runpod,on_demand,1,80,"ca,ro,us"
2026-07-02,A100,Sesterce Cloud · On-demand,1.518,USD,per GPU per hour,Sesterce Cloud,on_demand,1,80,us
2026-07-02,A100,Spot (median),0.8533,USD,per GPU per hour,,spot,,,
2026-07-02,A100,Spot (min),0.13,USD,per GPU per hour,Vast.ai,spot,1,80,gb
2026-07-02,A100,Theta EdgeCloud · On-demand,1.99,USD,per GPU per hour,Theta EdgeCloud,on_demand,1,80,
2026-07-02,A100,Thunder Compute · On-demand,1.09,USD,per GPU per hour,Thunder Compute,on_demand,1,80,
2026-07-02,A100,Vast.ai · Spot,0.13,USD,per GPU per hour,Vast.ai,spot,1,80,gb
2026-07-02,A100,Verda · Spot,0.6265,USD,per GPU per hour,Verda,spot,1,80,
2026-07-02,B200,Beyond.pl · On-demand,5.1,USD,per GPU per hour,Beyond.pl,on_demand,1,180,pl
2026-07-02,B200,Cheapest,2.1385,USD,per GPU per hour,Verda,spot,2,180,
2026-07-02,B200,On-demand (median),5.1,USD,per GPU per hour,,on_demand,,,
2026-07-02,B200,On-demand (min),5.1,USD,per GPU per hour,Beyond.pl,on_demand,1,180,pl
2026-07-02,B200,Runpod · Spot,5.49,USD,per GPU per hour,Runpod,spot,1,180,"ro,us"
2026-07-02,B200,Spot (median),4.12,USD,per GPU per hour,,spot,,,
2026-07-02,B200,Spot (min),2.1385,USD,per GPU per hour,Verda,spot,2,180,
2026-07-02,B200,Vast.ai · Spot,4.12,USD,per GPU per hour,Vast.ai,spot,4,180,us
2026-07-02,B200,Verda · Spot,2.1385,USD,per GPU per hour,Verda,spot,2,180,
2026-07-02,B300,Cheapest,2.5,USD,per GPU per hour,Vast.ai,spot,8,288,ca
2026-07-02,B300,On-demand (median),7.9636,USD,per GPU per hour,,on_demand,,,
2026-07-02,B300,On-demand (min),7.39,USD,per GPU per hour,Runpod,on_demand,1,288,nl
2026-07-02,B300,Runpod · On-demand,7.39,USD,per GPU per hour,Runpod,on_demand,1,288,nl
2026-07-02,B300,Scaleway · On-demand,8.5373,USD,per GPU per hour,Scaleway,on_demand,8,288,fr
2026-07-02,B300,Spot (median),2.5625,USD,per GPU per hour,,spot,,,
2026-07-02,B300,Spot (min),2.5,USD,per GPU per hour,Vast.ai,spot,8,288,ca
2026-07-02,B300,Vast.ai · Spot,2.5,USD,per GPU per hour,Vast.ai,spot,8,288,ca
2026-07-02,B300,Verda · Spot,2.625,USD,per GPU per hour,Verda,spot,1,288,
2026-07-02,H100,Cheapest,0.42,USD,per GPU per hour,Vast.ai,spot,1,80,tw
2026-07-02,H100,DigitalOcean · On-demand,3.39,USD,per GPU per hour,DigitalOcean,on_demand,1,80,nl
2026-07-02,H100,Lambda · On-demand,3.29,USD,per GPU per hour,Lambda,on_demand,1,80,us
2026-07-02,H100,Latitude.sh · On-demand,3.37,USD,per GPU per hour,Latitude.sh,on_demand,1,80,us
2026-07-02,H100,Novita AI · Spot,1.7,USD,per GPU per hour,Novita AI,spot,1,80,"is,us"
2026-07-02,H100,Oblivus · On-demand,3.5,USD,per GPU per hour,Oblivus,on_demand,1,80,us
2026-07-02,H100,On-demand (median),3.29,USD,per GPU per hour,,on_demand,,,
2026-07-02,H100,On-demand (min),2.09,USD,per GPU per hour,Runcrate,on_demand,1,80,"ca,us,nl,fr"
2026-07-02,H100,Runcrate · On-demand,2.09,USD,per GPU per hour,Runcrate,on_demand,1,80,"ca,us,nl,fr"
2026-07-02,H100,Runpod · Spot,2.39,USD,per GPU per hour,Runpod,spot,1,80,us
2026-07-02,H100,Scaleway · On-demand,3.2629,USD,per GPU per hour,Scaleway,on_demand,1,80,"fr,pl"
2026-07-02,H100,Sesterce Cloud · On-demand,3.63,USD,per GPU per hour,Sesterce Cloud,on_demand,2,80,fr
2026-07-02,H100,Spot (median),1.4187,USD,per GPU per hour,,spot,,,
2026-07-02,H100,Spot (min),0.42,USD,per GPU per hour,Vast.ai,spot,1,80,tw
2026-07-02,H100,Theta EdgeCloud · On-demand,2.29,USD,per GPU per hour,Theta EdgeCloud,on_demand,1,80,
2026-07-02,H100,Thunder Compute · On-demand,2.19,USD,per GPU per hour,Thunder Compute,on_demand,1,80,
2026-07-02,H100,Vast.ai · Spot,0.42,USD,per GPU per hour,Vast.ai,spot,1,80,tw
2026-07-02,H100,Verda · Spot,1.1375,USD,per GPU per hour,Verda,spot,2,80,
2026-07-02,H200,Cheapest,1.4,USD,per GPU per hour,Verda,spot,1,141,
2026-07-02,H200,Oblivus · On-demand,3.99,USD,per GPU per hour,Oblivus,on_demand,1,141,us
2026-07-02,H200,On-demand (median),3.99,USD,per GPU per hour,,on_demand,,,
2026-07-02,H200,On-demand (min),2.49,USD,per GPU per hour,Theta EdgeCloud,on_demand,1,141,
2026-07-02,H200,Runcrate · On-demand,4.63,USD,per GPU per hour,Runcrate,on_demand,8,141,fi
2026-07-02,H200,Runpod · Spot,3.99,USD,per GPU per hour,Runpod,spot,1,141,"ca,us,fr,is,jp"
2026-07-02,H200,Spot (median),1.84,USD,per GPU per hour,,spot,,,
2026-07-02,H200,Spot (min),1.4,USD,per GPU per hour,Verda,spot,1,141,
2026-07-02,H200,Theta EdgeCloud · On-demand,2.49,USD,per GPU per hour,Theta EdgeCloud,on_demand,1,141,
2026-07-02,H200,Vast.ai · Spot,1.84,USD,per GPU per hour,Vast.ai,spot,1,141,id
2026-07-02,H200,Verda · Spot,1.4,USD,per GPU per hour,Verda,spot,1,141,
2026-07-03,A100,AceCloud · Spot,1.0902,USD,per GPU per hour,AceCloud,spot,1,80,us
2026-07-03,A100,Cheapest,0.13,USD,per GPU per hour,Vast.ai,spot,1,80,gb
2026-07-03,A100,Hyperstack · Spot,1.08,USD,per GPU per hour,Hyperstack,spot,1,80,ca
2026-07-03,A100,Lambda · On-demand,1.99,USD,per GPU per hour,Lambda,on_demand,1,80,us
2026-07-03,A100,On-demand (median),1.519,USD,per GPU per hour,,on_demand,,,
2026-07-03,A100,On-demand (min),1.09,USD,per GPU per hour,Thunder Compute,on_demand,1,80,
2026-07-03,A100,Runcrate · On-demand,1.52,USD,per GPU per hour,Runcrate,on_demand,1,80,"fi,us"
2026-07-03,A100,Runpod · On-demand,1.39,USD,per GPU per hour,Runpod,on_demand,1,80,"us,ro"
2026-07-03,A100,Sesterce Cloud · On-demand,1.518,USD,per GPU per hour,Sesterce Cloud,on_demand,1,80,us
2026-07-03,A100,Spot (median),0.8533,USD,per GPU per hour,,spot,,,
2026-07-03,A100,Spot (min),0.13,USD,per GPU per hour,Vast.ai,spot,1,80,gb
2026-07-03,A100,Theta EdgeCloud · On-demand,1.99,USD,per GPU per hour,Theta EdgeCloud,on_demand,1,80,
2026-07-03,A100,Thunder Compute · On-demand,1.09,USD,per GPU per hour,Thunder Compute,on_demand,1,80,
2026-07-03,A100,Vast.ai · Spot,0.13,USD,per GPU per hour,Vast.ai,spot,1,80,gb
2026-07-03,A100,Verda · Spot,0.6265,USD,per GPU per hour,Verda,spot,1,80,
2026-07-03,B200,Beyond.pl · On-demand,5.1,USD,per GPU per hour,Beyond.pl,on_demand,1,180,pl
2026-07-03,B200,Cheapest,2.1385,USD,per GPU per hour,Verda,spot,2,180,
2026-07-03,B200,On-demand (median),7.0592,USD,per GPU per hour,,on_demand,,,
2026-07-03,B200,On-demand (min),5.1,USD,per GPU per hour,Beyond.pl,on_demand,1,180,pl
2026-07-03,B200,Runcrate · On-demand,7.06,USD,per GPU per hour,Runcrate,on_demand,2,180,fi
2026-07-03,B200,Runpod · Spot,5.49,USD,per GPU per hour,Runpod,spot,1,180,"ro,us"
2026-07-03,B200,Sesterce Cloud · On-demand,7.0592,USD,per GPU per hour,Sesterce Cloud,on_demand,4,180,fi
2026-07-03,B200,Spot (median),4.0,USD,per GPU per hour,,spot,,,
2026-07-03,B200,Spot (min),2.1385,USD,per GPU per hour,Verda,spot,2,180,
2026-07-03,B200,Vast.ai · Spot,4.0,USD,per GPU per hour,Vast.ai,spot,1,180,us
2026-07-03,B200,Verda · Spot,2.1385,USD,per GPU per hour,Verda,spot,2,180,
2026-07-03,B300,Cheapest,2.625,USD,per GPU per hour,Verda,spot,1,288,
2026-07-03,B300,On-demand (median),8.6246,USD,per GPU per hour,,on_demand,,,
2026-07-03,B300,On-demand (min),7.39,USD,per GPU per hour,Runpod,on_demand,1,288,nl
2026-07-03,B300,Runcrate · On-demand,8.7,USD,per GPU per hour,Runcrate,on_demand,1,288,fi
2026-07-03,B300,Runpod · On-demand,7.39,USD,per GPU per hour,Runpod,on_demand,1,288,nl
2026-07-03,B300,Scaleway · On-demand,8.5493,USD,per GPU per hour,Scaleway,on_demand,8,288,fr
2026-07-03,B300,Sesterce Cloud · On-demand,8.701,USD,per GPU per hour,Sesterce Cloud,on_demand,1,288,fi
2026-07-03,B300,Spot (median),3.9375,USD,per GPU per hour,,spot,,,
2026-07-03,B300,Spot (min),2.625,USD,per GPU per hour,Verda,spot,1,288,
2026-07-03,B300,Vast.ai · Spot,5.25,USD,per GPU per hour,Vast.ai,spot,8,288,ca
2026-07-03,B300,Verda · Spot,2.625,USD,per GPU per hour,Verda,spot,1,288,
2026-07-03,H100,Cheapest,0.19,USD,per GPU per hour,Vast.ai,spot,1,80,tw
2026-07-03,H100,Lambda · On-demand,3.29,USD,per GPU per hour,Lambda,on_demand,1,80,us
2026-07-03,H100,Latitude.sh · On-demand,3.37,USD,per GPU per hour,Latitude.sh,on_demand,1,80,us
2026-07-03,H100,Novita AI · Spot,1.7,USD,per GPU per hour,Novita AI,spot,1,80,"is,us"
2026-07-03,H100,Oblivus · On-demand,3.5,USD,per GPU per hour,Oblivus,on_demand,1,80,us
2026-07-03,H100,On-demand (median),2.7788,USD,per GPU per hour,,on_demand,,,
2026-07-03,H100,On-demand (min),2.09,USD,per GPU per hour,Runcrate,on_demand,1,80,"ca,us,fr"
2026-07-03,H100,Runcrate · On-demand,2.09,USD,per GPU per hour,Runcrate,on_demand,1,80,"ca,us,fr"
2026-07-03,H100,Runpod · Spot,2.99,USD,per GPU per hour,Runpod,spot,1,80,"fr,jp,nl,us,in,ca,is,no"
2026-07-03,H100,Scaleway · On-demand,3.2675,USD,per GPU per hour,Scaleway,on_demand,1,80,"fr,pl"
2026-07-03,H100,Sesterce Cloud · On-demand,2.145,USD,per GPU per hour,Sesterce Cloud,on_demand,8,80,ca
2026-07-03,H100,Spot (median),1.4187,USD,per GPU per hour,,spot,,,
2026-07-03,H100,Spot (min),0.19,USD,per GPU per hour,Vast.ai,spot,1,80,tw
2026-07-03,H100,Theta EdgeCloud · On-demand,2.29,USD,per GPU per hour,Theta EdgeCloud,on_demand,1,80,
2026-07-03,H100,Thunder Compute · On-demand,2.19,USD,per GPU per hour,Thunder Compute,on_demand,1,80,
2026-07-03,H100,Vast.ai · Spot,0.19,USD,per GPU per hour,Vast.ai,spot,1,80,tw
2026-07-03,H100,Verda · Spot,1.1375,USD,per GPU per hour,Verda,spot,2,80,
2026-07-03,H200,Cheapest,1.4,USD,per GPU per hour,Verda,spot,1,141,
2026-07-03,H200,DigitalOcean · On-demand,3.44,USD,per GPU per hour,DigitalOcean,on_demand,1,141,us
2026-07-03,H200,Hyperstack · On-demand,3.99,USD,per GPU per hour,Hyperstack,on_demand,8,141,ca
2026-07-03,H200,Oblivus · On-demand,3.99,USD,per GPU per hour,Oblivus,on_demand,1,141,us
2026-07-03,H200,On-demand (median),3.78,USD,per GPU per hour,,on_demand,,,
2026-07-03,H200,On-demand (min),2.49,USD,per GPU per hour,Theta EdgeCloud,on_demand,1,141,
2026-07-03,H200,Runcrate · On-demand,3.78,USD,per GPU per hour,Runcrate,on_demand,1,141,us
2026-07-03,H200,Runpod · Spot,3.99,USD,per GPU per hour,Runpod,spot,1,141,"us,ca,fr,is,jp"
2026-07-03,H200,Spot (median),2.97,USD,per GPU per hour,,spot,,,
2026-07-03,H200,Spot (min),1.4,USD,per GPU per hour,Verda,spot,1,141,
2026-07-03,H200,Theta EdgeCloud · On-demand,2.49,USD,per GPU per hour,Theta EdgeCloud,on_demand,1,141,
2026-07-03,H200,Vast.ai · Spot,2.97,USD,per GPU per hour,Vast.ai,spot,1,141,jp
2026-07-03,H200,Verda · Spot,1.4,USD,per GPU per hour,Verda,spot,1,141,
2026-07-04,A100,AceCloud · Spot,1.0923,USD,per GPU per hour,AceCloud,spot,1,80,us
2026-07-04,A100,Cheapest,0.13,USD,per GPU per hour,Vast.ai,spot,1,80,gb
2026-07-04,A100,Hyperstack · Spot,1.08,USD,per GPU per hour,Hyperstack,spot,1,80,ca
2026-07-04,A100,Lambda · On-demand,1.99,USD,per GPU per hour,Lambda,on_demand,1,80,"in,us"
2026-07-04,A100,Oblivus · On-demand,1.47,USD,per GPU per hour,Oblivus,on_demand,1,80,us
2026-07-04,A100,On-demand (median),1.49,USD,per GPU per hour,,on_demand,,,
2026-07-04,A100,On-demand (min),1.09,USD,per GPU per hour,Thunder Compute,on_demand,1,80,
2026-07-04,A100,Runcrate · On-demand,1.49,USD,per GPU per hour,Runcrate,on_demand,1,80,"us,ca"
2026-07-04,A100,Runpod · On-demand,1.39,USD,per GPU per hour,Runpod,on_demand,1,80,"us,ca,ro"
2026-07-04,A100,Sesterce Cloud · On-demand,1.518,USD,per GPU per hour,Sesterce Cloud,on_demand,1,80,us
2026-07-04,A100,Spot (median),0.8533,USD,per GPU per hour,,spot,,,
2026-07-04,A100,Spot (min),0.13,USD,per GPU per hour,Vast.ai,spot,1,80,gb
2026-07-04,A100,Theta EdgeCloud · On-demand,1.99,USD,per GPU per hour,Theta EdgeCloud,on_demand,1,80,
2026-07-04,A100,Thunder Compute · On-demand,1.09,USD,per GPU per hour,Thunder Compute,on_demand,1,80,
2026-07-04,A100,Vast.ai · Spot,0.13,USD,per GPU per hour,Vast.ai,spot,1,80,gb
2026-07-04,A100,Verda · Spot,0.6265,USD,per GPU per hour,Verda,spot,1,80,
2026-07-04,B200,Beyond.pl · On-demand,5.1,USD,per GPU per hour,Beyond.pl,on_demand,1,180,pl
2026-07-04,B200,Cheapest,2.1385,USD,per GPU per hour,Verda,spot,2,180,
2026-07-04,B200,On-demand (median),5.1,USD,per GPU per hour,,on_demand,,,
2026-07-04,B200,On-demand (min),5.1,USD,per GPU per hour,Beyond.pl,on_demand,1,180,pl
2026-07-04,B200,Runpod · Spot,5.49,USD,per GPU per hour,Runpod,spot,1,180,us
2026-07-04,B200,Spot (median),4.12,USD,per GPU per hour,,spot,,,
2026-07-04,B200,Spot (min),2.1385,USD,per GPU per hour,Verda,spot,2,180,
2026-07-04,B200,Vast.ai · Spot,4.12,USD,per GPU per hour,Vast.ai,spot,2,180,us
2026-07-04,B200,Verda · Spot,2.1385,USD,per GPU per hour,Verda,spot,2,180,
2026-07-04,B300,Cheapest,2.625,USD,per GPU per hour,Verda,spot,1,288,
2026-07-04,B300,On-demand (median),8.7,USD,per GPU per hour,,on_demand,,,
2026-07-04,B300,On-demand (min),8.586,USD,per GPU per hour,Scaleway,on_demand,8,288,fr
2026-07-04,B300,Runcrate · On-demand,8.7,USD,per GPU per hour,Runcrate,on_demand,1,288,fi
2026-07-04,B300,Scaleway · On-demand,8.586,USD,per GPU per hour,Scaleway,on_demand,8,288,fr
2026-07-04,B300,Sesterce Cloud · On-demand,8.701,USD,per GPU per hour,Sesterce Cloud,on_demand,1,288,fi
2026-07-04,B300,Spot (median),3.9375,USD,per GPU per hour,,spot,,,
2026-07-04,B300,Spot (min),2.625,USD,per GPU per hour,Verda,spot,1,288,
2026-07-04,B300,Vast.ai · Spot,5.25,USD,per GPU per hour,Vast.ai,spot,8,288,ca
2026-07-04,B300,Verda · Spot,2.625,USD,per GPU per hour,Verda,spot,1,288,
2026-07-04,H100,Cheapest,0.13,USD,per GPU per hour,Vast.ai,spot,1,80,tw
2026-07-04,H100,DigitalOcean · On-demand,3.39,USD,per GPU per hour,DigitalOcean,on_demand,1,80,nl
2026-07-04,H100,Lambda · On-demand,3.29,USD,per GPU per hour,Lambda,on_demand,1,80,us
2026-07-04,H100,Novita AI · Spot,1.7,USD,per GPU per hour,Novita AI,spot,1,80,"is,us"
2026-07-04,H100,Oblivus · On-demand,3.5,USD,per GPU per hour,Oblivus,on_demand,1,80,us
2026-07-04,H100,On-demand (median),3.2858,USD,per GPU per hour,,on_demand,,,
2026-07-04,H100,On-demand (min),2.09,USD,per GPU per hour,Runcrate,on_demand,1,80,"ca,us,nl"
2026-07-04,H100,Runcrate · On-demand,2.09,USD,per GPU per hour,Runcrate,on_demand,1,80,"ca,us,nl"
2026-07-04,H100,Runpod · Spot,2.39,USD,per GPU per hour,Runpod,spot,1,80,us
2026-07-04,H100,Scaleway · On-demand,3.2816,USD,per GPU per hour,Scaleway,on_demand,1,80,"fr,pl"
2026-07-04,H100,Sesterce Cloud · On-demand,3.63,USD,per GPU per hour,Sesterce Cloud,on_demand,2,80,fr
2026-07-04,H100,Spot (median),1.4187,USD,per GPU per hour,,spot,,,
2026-07-04,H100,Spot (min),0.13,USD,per GPU per hour,Vast.ai,spot,1,80,tw
2026-07-04,H100,Theta EdgeCloud · On-demand,2.29,USD,per GPU per hour,Theta EdgeCloud,on_demand,1,80,
2026-07-04,H100,Thunder Compute · On-demand,2.19,USD,per GPU per hour,Thunder Compute,on_demand,1,80,
2026-07-04,H100,Vast.ai · Spot,0.13,USD,per GPU per hour,Vast.ai,spot,1,80,tw
2026-07-04,H100,Verda · Spot,1.1375,USD,per GPU per hour,Verda,spot,2,80,
2026-07-04,H200,Cheapest,1.4,USD,per GPU per hour,Verda,spot,1,141,
2026-07-04,H200,DigitalOcean · On-demand,3.44,USD,per GPU per hour,DigitalOcean,on_demand,1,141,us
2026-07-04,H200,Hyperstack · On-demand,3.99,USD,per GPU per hour,Hyperstack,on_demand,8,141,ca
2026-07-04,H200,Oblivus · On-demand,3.99,USD,per GPU per hour,Oblivus,on_demand,1,141,us
2026-07-04,H200,On-demand (median),3.78,USD,per GPU per hour,,on_demand,,,
2026-07-04,H200,On-demand (min),2.49,USD,per GPU per hour,Theta EdgeCloud,on_demand,1,141,
2026-07-04,H200,Runcrate · On-demand,3.78,USD,per GPU per hour,Runcrate,on_demand,1,141,"us,fi"
2026-07-04,H200,Runpod · Spot,3.99,USD,per GPU per hour,Runpod,spot,1,141,"ca,us,fr,is,jp"
2026-07-04,H200,Sesterce Cloud · On-demand,4.6255,USD,per GPU per hour,Sesterce Cloud,on_demand,8,141,fi
2026-07-04,H200,Spot (median),2.695,USD,per GPU per hour,,spot,,,
2026-07-04,H200,Spot (min),1.4,USD,per GPU per hour,Verda,spot,1,141,
2026-07-04,H200,Theta EdgeCloud · On-demand,2.49,USD,per GPU per hour,Theta EdgeCloud,on_demand,1,141,
2026-07-04,H200,Vast.ai · On-demand,3.03,USD,per GPU per hour,Vast.ai,on_demand,1,141,sa
2026-07-04,H200,Verda · Spot,1.4,USD,per GPU per hour,Verda,spot,1,141,
2026-07-05,A100,AceCloud · Spot,1.0923,USD,per GPU per hour,AceCloud,spot,1,80,us
2026-07-05,A100,Cheapest,0.13,USD,per GPU per hour,Vast.ai,spot,1,80,gb
2026-07-05,A100,Hyperstack · Spot,1.08,USD,per GPU per hour,Hyperstack,spot,1,80,ca
2026-07-05,A100,Lambda · On-demand,1.99,USD,per GPU per hour,Lambda,on_demand,1,80,"in,us"
2026-07-05,A100,On-demand (median),1.504,USD,per GPU per hour,,on_demand,,,
2026-07-05,A100,On-demand (min),1.09,USD,per GPU per hour,Thunder Compute,on_demand,1,80,
2026-07-05,A100,Runcrate · On-demand,1.49,USD,per GPU per hour,Runcrate,on_demand,1,80,us
2026-07-05,A100,Runpod · On-demand,1.39,USD,per GPU per hour,Runpod,on_demand,1,80,"us,ca"
2026-07-05,A100,Sesterce Cloud · On-demand,1.518,USD,per GPU per hour,Sesterce Cloud,on_demand,1,80,us
2026-07-05,A100,Spot (median),0.8533,USD,per GPU per hour,,spot,,,
2026-07-05,A100,Spot (min),0.13,USD,per GPU per hour,Vast.ai,spot,1,80,gb
2026-07-05,A100,Theta EdgeCloud · On-demand,1.99,USD,per GPU per hour,Theta EdgeCloud,on_demand,1,80,
2026-07-05,A100,Thunder Compute · On-demand,1.09,USD,per GPU per hour,Thunder Compute,on_demand,1,80,
2026-07-05,A100,Vast.ai · Spot,0.13,USD,per GPU per hour,Vast.ai,spot,1,80,gb
2026-07-05,A100,Verda · Spot,0.6265,USD,per GPU per hour,Verda,spot,1,80,
2026-07-05,B200,Beyond.pl · On-demand,5.1,USD,per GPU per hour,Beyond.pl,on_demand,1,180,pl
2026-07-05,B200,Cheapest,2.1385,USD,per GPU per hour,Verda,spot,2,180,
2026-07-05,B200,On-demand (median),5.1,USD,per GPU per hour,,on_demand,,,
2026-07-05,B200,On-demand (min),5.1,USD,per GPU per hour,Beyond.pl,on_demand,1,180,pl
2026-07-05,B200,Runpod · Spot,5.49,USD,per GPU per hour,Runpod,spot,1,180,"ro,us"
2026-07-05,B200,Spot (median),4.12,USD,per GPU per hour,,spot,,,
2026-07-05,B200,Spot (min),2.1385,USD,per GPU per hour,Verda,spot,2,180,
2026-07-05,B200,Vast.ai · Spot,4.12,USD,per GPU per hour,Vast.ai,spot,4,180,us
2026-07-05,B200,Verda · Spot,2.1385,USD,per GPU per hour,Verda,spot,2,180,
2026-07-05,B300,Cheapest,2.5,USD,per GPU per hour,Vast.ai,spot,8,288,ca
2026-07-05,B300,On-demand (median),8.7,USD,per GPU per hour,,on_demand,,,
2026-07-05,B300,On-demand (min),8.586,USD,per GPU per hour,Scaleway,on_demand,8,288,fr
2026-07-05,B300,Runcrate · On-demand,8.7,USD,per GPU per hour,Runcrate,on_demand,1,288,fi
2026-07-05,B300,Scaleway · On-demand,8.586,USD,per GPU per hour,Scaleway,on_demand,8,288,fr
2026-07-05,B300,Sesterce Cloud · On-demand,8.701,USD,per GPU per hour,Sesterce Cloud,on_demand,1,288,fi
2026-07-05,B300,Spot (median),2.5625,USD,per GPU per hour,,spot,,,
2026-07-05,B300,Spot (min),2.5,USD,per GPU per hour,Vast.ai,spot,8,288,ca
2026-07-05,B300,Vast.ai · Spot,2.5,USD,per GPU per hour,Vast.ai,spot,8,288,ca
2026-07-05,B300,Verda · Spot,2.625,USD,per GPU per hour,Verda,spot,1,288,
2026-07-05,H100,Cheapest,0.44,USD,per GPU per hour,Vast.ai,spot,1,80,tw
2026-07-05,H100,Lambda · On-demand,3.29,USD,per GPU per hour,Lambda,on_demand,1,80,us
2026-07-05,H100,Novita AI · Spot,1.7,USD,per GPU per hour,Novita AI,spot,1,80,"is,us"
2026-07-05,H100,Oblivus · On-demand,3.5,USD,per GPU per hour,Oblivus,on_demand,1,80,us
2026-07-05,H100,On-demand (median),3.2816,USD,per GPU per hour,,on_demand,,,
2026-07-05,H100,On-demand (min),2.09,USD,per GPU per hour,Runcrate,on_demand,1,80,"ca,us,fr"
2026-07-05,H100,Runcrate · On-demand,2.09,USD,per GPU per hour,Runcrate,on_demand,1,80,"ca,us,fr"
2026-07-05,H100,Runpod · Spot,2.39,USD,per GPU per hour,Runpod,spot,1,80,us
2026-07-05,H100,Scaleway · On-demand,3.2816,USD,per GPU per hour,Scaleway,on_demand,1,80,"fr,pl"
2026-07-05,H100,Sesterce Cloud · On-demand,3.63,USD,per GPU per hour,Sesterce Cloud,on_demand,2,80,fr
2026-07-05,H100,Spot (median),1.4187,USD,per GPU per hour,,spot,,,
2026-07-05,H100,Spot (min),0.44,USD,per GPU per hour,Vast.ai,spot,1,80,tw
2026-07-05,H100,Theta EdgeCloud · On-demand,2.29,USD,per GPU per hour,Theta EdgeCloud,on_demand,1,80,
2026-07-05,H100,Thunder Compute · On-demand,2.19,USD,per GPU per hour,Thunder Compute,on_demand,1,80,
2026-07-05,H100,Vast.ai · Spot,0.44,USD,per GPU per hour,Vast.ai,spot,1,80,tw
2026-07-05,H100,Verda · Spot,1.1375,USD,per GPU per hour,Verda,spot,2,80,
2026-07-05,H200,Cheapest,1.4,USD,per GPU per hour,Verda,spot,1,141,
2026-07-05,H200,Hyperstack · On-demand,3.99,USD,per GPU per hour,Hyperstack,on_demand,8,141,ca
2026-07-05,H200,Oblivus · On-demand,3.99,USD,per GPU per hour,Oblivus,on_demand,1,141,us
2026-07-05,H200,On-demand (median),3.99,USD,per GPU per hour,,on_demand,,,
2026-07-05,H200,On-demand (min),2.49,USD,per GPU per hour,Theta EdgeCloud,on_demand,1,141,
2026-07-05,H200,Runcrate · On-demand,4.63,USD,per GPU per hour,Runcrate,on_demand,1,141,fi
2026-07-05,H200,Runpod · Spot,3.99,USD,per GPU per hour,Runpod,spot,1,141,"ca,us,is,jp"
2026-07-05,H200,Sesterce Cloud · On-demand,4.6255,USD,per GPU per hour,Sesterce Cloud,on_demand,4,141,fi
2026-07-05,H200,Spot (median),2.76,USD,per GPU per hour,,spot,,,
2026-07-05,H200,Spot (min),1.4,USD,per GPU per hour,Verda,spot,1,141,
2026-07-05,H200,Theta EdgeCloud · On-demand,2.49,USD,per GPU per hour,Theta EdgeCloud,on_demand,1,141,
2026-07-05,H200,Vast.ai · Spot,2.76,USD,per GPU per hour,Vast.ai,spot,2,141,jp
2026-07-05,H200,Verda · Spot,1.4,USD,per GPU per hour,Verda,spot,1,141,
2026-07-06,A100,AceCloud · Spot,1.0923,USD,per GPU per hour,AceCloud,spot,1,80,us
2026-07-06,A100,Cheapest,0.13,USD,per GPU per hour,Vast.ai,spot,1,80,gb
2026-07-06,A100,Hyperstack · Spot,1.08,USD,per GPU per hour,Hyperstack,spot,1,80,ca
2026-07-06,A100,Lambda · On-demand,1.99,USD,per GPU per hour,Lambda,on_demand,1,80,us
2026-07-06,A100,Oblivus · On-demand,1.47,USD,per GPU per hour,Oblivus,on_demand,1,80,us
2026-07-06,A100,On-demand (median),1.49,USD,per GPU per hour,,on_demand,,,
2026-07-06,A100,On-demand (min),1.09,USD,per GPU per hour,Thunder Compute,on_demand,1,80,
2026-07-06,A100,Runcrate · On-demand,1.49,USD,per GPU per hour,Runcrate,on_demand,1,80,"ca,us"
2026-07-06,A100,Runpod · On-demand,1.39,USD,per GPU per hour,Runpod,on_demand,1,80,"ca,us"
2026-07-06,A100,Sesterce Cloud · On-demand,1.518,USD,per GPU per hour,Sesterce Cloud,on_demand,1,80,us
2026-07-06,A100,Spot (median),0.8533,USD,per GPU per hour,,spot,,,
2026-07-06,A100,Spot (min),0.13,USD,per GPU per hour,Vast.ai,spot,1,80,gb
2026-07-06,A100,Theta EdgeCloud · On-demand,1.99,USD,per GPU per hour,Theta EdgeCloud,on_demand,1,80,
2026-07-06,A100,Thunder Compute · On-demand,1.09,USD,per GPU per hour,Thunder Compute,on_demand,1,80,
2026-07-06,A100,Vast.ai · Spot,0.13,USD,per GPU per hour,Vast.ai,spot,1,80,gb
2026-07-06,A100,Verda · Spot,0.6265,USD,per GPU per hour,Verda,spot,1,80,
2026-07-06,B200,Beyond.pl · On-demand,5.1,USD,per GPU per hour,Beyond.pl,on_demand,1,180,pl
2026-07-06,B200,Cheapest,2.1385,USD,per GPU per hour,Verda,spot,2,180,
2026-07-06,B200,On-demand (median),5.1,USD,per GPU per hour,,on_demand,,,
2026-07-06,B200,On-demand (min),5.1,USD,per GPU per hour,Beyond.pl,on_demand,1,180,pl
2026-07-06,B200,Runpod · Spot,5.49,USD,per GPU per hour,Runpod,spot,1,180,us
2026-07-06,B200,Spot (median),4.0,USD,per GPU per hour,,spot,,,
2026-07-06,B200,Spot (min),2.1385,USD,per GPU per hour,Verda,spot,2,180,
2026-07-06,B200,Vast.ai · Spot,4.0,USD,per GPU per hour,Vast.ai,spot,4,180,us
2026-07-06,B200,Verda · Spot,2.1385,USD,per GPU per hour,Verda,spot,2,180,
2026-07-06,B300,Cheapest,2.625,USD,per GPU per hour,Verda,spot,1,288,
2026-07-06,B300,On-demand (median),7.418,USD,per GPU per hour,,on_demand,,,
2026-07-06,B300,On-demand (min),6.25,USD,per GPU per hour,Vast.ai,on_demand,8,288,ca
2026-07-06,B300,Scaleway · On-demand,8.586,USD,per GPU per hour,Scaleway,on_demand,8,288,fr
2026-07-06,B300,Spot (median),2.625,USD,per GPU per hour,,spot,,,
2026-07-06,B300,Spot (min),2.625,USD,per GPU per hour,Verda,spot,1,288,
2026-07-06,B300,Vast.ai · On-demand,6.25,USD,per GPU per hour,Vast.ai,on_demand,8,288,ca
2026-07-06,B300,Verda · Spot,2.625,USD,per GPU per hour,Verda,spot,1,288,
2026-07-06,H100,Cheapest,0.24,USD,per GPU per hour,Vast.ai,spot,1,80,tw
2026-07-06,H100,DigitalOcean · On-demand,3.39,USD,per GPU per hour,DigitalOcean,on_demand,1,80,nl
2026-07-06,H100,Lambda · On-demand,4.19,USD,per GPU per hour,Lambda,on_demand,2,80,us
2026-07-06,H100,Novita AI · Spot,1.7,USD,per GPU per hour,Novita AI,spot,1,80,"is,us"
2026-07-06,H100,Oblivus · On-demand,3.5,USD,per GPU per hour,Oblivus,on_demand,1,80,us
2026-07-06,H100,On-demand (median),2.7858,USD,per GPU per hour,,on_demand,,,
2026-07-06,H100,On-demand (min),2.09,USD,per GPU per hour,Runcrate,on_demand,1,80,"ca,nl,us"
2026-07-06,H100,Runcrate · On-demand,2.09,USD,per GPU per hour,Runcrate,on_demand,1,80,"ca,nl,us"
2026-07-06,H100,Runpod · Spot,2.39,USD,per GPU per hour,Runpod,spot,1,80,ca
2026-07-06,H100,Scaleway · On-demand,3.2816,USD,per GPU per hour,Scaleway,on_demand,1,80,"fr,pl"
2026-07-06,H100,Sesterce Cloud · On-demand,2.145,USD,per GPU per hour,Sesterce Cloud,on_demand,8,80,ca
2026-07-06,H100,Spot (median),1.4187,USD,per GPU per hour,,spot,,,
2026-07-06,H100,Spot (min),0.24,USD,per GPU per hour,Vast.ai,spot,1,80,tw
2026-07-06,H100,Theta EdgeCloud · On-demand,2.29,USD,per GPU per hour,Theta EdgeCloud,on_demand,1,80,
2026-07-06,H100,Thunder Compute · On-demand,2.19,USD,per GPU per hour,Thunder Compute,on_demand,1,80,
2026-07-06,H100,Vast.ai · Spot,0.24,USD,per GPU per hour,Vast.ai,spot,1,80,tw
2026-07-06,H100,Verda · Spot,1.1375,USD,per GPU per hour,Verda,spot,2,80,
2026-07-06,H200,Cheapest,1.4,USD,per GPU per hour,Verda,spot,1,141,
2026-07-06,H200,DigitalOcean · On-demand,3.44,USD,per GPU per hour,DigitalOcean,on_demand,1,141,us
2026-07-06,H200,Hyperstack · On-demand,3.99,USD,per GPU per hour,Hyperstack,on_demand,8,141,ca
2026-07-06,H200,Oblivus · On-demand,3.99,USD,per GPU per hour,Oblivus,on_demand,1,141,us
2026-07-06,H200,On-demand (median),3.885,USD,per GPU per hour,,on_demand,,,
2026-07-06,H200,On-demand (min),2.49,USD,per GPU per hour,Theta EdgeCloud,on_demand,1,141,
2026-07-06,H200,Runcrate · On-demand,3.78,USD,per GPU per hour,Runcrate,on_demand,1,141,"us,fi"
2026-07-06,H200,Runpod · Spot,3.99,USD,per GPU per hour,Runpod,spot,1,141,"ca,fr,us,is,jp"
2026-07-06,H200,Sesterce Cloud · On-demand,4.6255,USD,per GPU per hour,Sesterce Cloud,on_demand,4,141,fi
2026-07-06,H200,Spot (median),1.93,USD,per GPU per hour,,spot,,,
2026-07-06,H200,Spot (min),1.4,USD,per GPU per hour,Verda,spot,1,141,
2026-07-06,H200,Theta EdgeCloud · On-demand,2.49,USD,per GPU per hour,Theta EdgeCloud,on_demand,1,141,
2026-07-06,H200,Vast.ai · Spot,1.93,USD,per GPU per hour,Vast.ai,spot,4,141,ca
2026-07-06,H200,Verda · Spot,1.4,USD,per GPU per hour,Verda,spot,1,141,
2026-07-07,A100,AceCloud · Spot,1.0902,USD,per GPU per hour,AceCloud,spot,1,80,us
2026-07-07,A100,Cheapest,0.13,USD,per GPU per hour,Vast.ai,spot,1,80,gb
2026-07-07,A100,Hyperstack · Spot,1.08,USD,per GPU per hour,Hyperstack,spot,1,80,ca
2026-07-07,A100,Lambda · On-demand,1.99,USD,per GPU per hour,Lambda,on_demand,1,80,us
2026-07-07,A100,On-demand (median),1.504,USD,per GPU per hour,,on_demand,,,
2026-07-07,A100,On-demand (min),1.09,USD,per GPU per hour,Thunder Compute,on_demand,1,80,
2026-07-07,A100,Runcrate · On-demand,1.49,USD,per GPU per hour,Runcrate,on_demand,1,80,"us,fi"
2026-07-07,A100,Runpod · On-demand,1.49,USD,per GPU per hour,Runpod,on_demand,1,80,us
2026-07-07,A100,Sesterce Cloud · On-demand,1.518,USD,per GPU per hour,Sesterce Cloud,on_demand,1,80,us
2026-07-07,A100,Spot (median),0.8533,USD,per GPU per hour,,spot,,,
2026-07-07,A100,Spot (min),0.13,USD,per GPU per hour,Vast.ai,spot,1,80,gb
2026-07-07,A100,Theta EdgeCloud · On-demand,1.99,USD,per GPU per hour,Theta EdgeCloud,on_demand,1,80,
2026-07-07,A100,Thunder Compute · On-demand,1.09,USD,per GPU per hour,Thunder Compute,on_demand,1,80,
2026-07-07,A100,Vast.ai · Spot,0.13,USD,per GPU per hour,Vast.ai,spot,1,80,gb
2026-07-07,A100,Verda · Spot,0.6265,USD,per GPU per hour,Verda,spot,1,80,
2026-07-07,B200,Beyond.pl · On-demand,5.1,USD,per GPU per hour,Beyond.pl,on_demand,1,180,pl
2026-07-07,B200,Cheapest,2.1385,USD,per GPU per hour,Verda,spot,2,180,
2026-07-07,B200,On-demand (median),5.1,USD,per GPU per hour,,on_demand,,,
2026-07-07,B200,On-demand (min),5.1,USD,per GPU per hour,Beyond.pl,on_demand,1,180,pl
2026-07-07,B200,Runpod · Spot,5.49,USD,per GPU per hour,Runpod,spot,1,180,us
2026-07-07,B200,Spot (median),4.12,USD,per GPU per hour,,spot,,,
2026-07-07,B200,Spot (min),2.1385,USD,per GPU per hour,Verda,spot,2,180,
2026-07-07,B200,Vast.ai · Spot,4.12,USD,per GPU per hour,Vast.ai,spot,2,180,us
2026-07-07,B200,Verda · Spot,2.1385,USD,per GPU per hour,Verda,spot,2,180,
2026-07-07,B300,Cheapest,2.5,USD,per GPU per hour,Vast.ai,spot,8,288,ca
2026-07-07,B300,On-demand (median),8.5206,USD,per GPU per hour,,on_demand,,,
2026-07-07,B300,On-demand (min),8.48,USD,per GPU per hour,Runcrate,on_demand,8,288,fi
2026-07-07,B300,Runcrate · On-demand,8.48,USD,per GPU per hour,Runcrate,on_demand,8,288,fi
2026-07-07,B300,Scaleway · On-demand,8.5612,USD,per GPU per hour,Scaleway,on_demand,8,288,fr
2026-07-07,B300,Spot (median),2.5625,USD,per GPU per hour,,spot,,,
2026-07-07,B300,Spot (min),2.5,USD,per GPU per hour,Vast.ai,spot,8,288,ca
2026-07-07,B300,Vast.ai · Spot,2.5,USD,per GPU per hour,Vast.ai,spot,8,288,ca
2026-07-07,B300,Verda · Spot,2.625,USD,per GPU per hour,Verda,spot,1,288,
2026-07-07,H100,Cheapest,0.34,USD,per GPU per hour,Vast.ai,spot,2,80,gb
2026-07-07,H100,DigitalOcean · On-demand,3.39,USD,per GPU per hour,DigitalOcean,on_demand,1,80,us
2026-07-07,H100,Lambda · On-demand,4.19,USD,per GPU per hour,Lambda,on_demand,2,80,us
2026-07-07,H100,Novita AI · Spot,1.7,USD,per GPU per hour,Novita AI,spot,1,80,"is,us"
2026-07-07,H100,Oblivus · On-demand,3.5,USD,per GPU per hour,Oblivus,on_demand,1,80,us
2026-07-07,H100,On-demand (median),3.3311,USD,per GPU per hour,,on_demand,,,
2026-07-07,H100,On-demand (min),2.09,USD,per GPU per hour,Runcrate,on_demand,1,80,"pl,ca,us,fr"
2026-07-07,H100,Runcrate · On-demand,2.09,USD,per GPU per hour,Runcrate,on_demand,1,80,"pl,ca,us,fr"
2026-07-07,H100,Runpod · Spot,2.39,USD,per GPU per hour,Runpod,spot,1,80,"ca,us"
2026-07-07,H100,Scaleway · On-demand,3.2721,USD,per GPU per hour,Scaleway,on_demand,1,80,"fr,pl"
2026-07-07,H100,Sesterce Cloud · On-demand,3.63,USD,per GPU per hour,Sesterce Cloud,on_demand,2,80,fr
2026-07-07,H100,Spot (median),1.4187,USD,per GPU per hour,,spot,,,
2026-07-07,H100,Spot (min),0.34,USD,per GPU per hour,Vast.ai,spot,2,80,gb
2026-07-07,H100,Theta EdgeCloud · On-demand,2.29,USD,per GPU per hour,Theta EdgeCloud,on_demand,1,80,
2026-07-07,H100,Thunder Compute · On-demand,2.19,USD,per GPU per hour,Thunder Compute,on_demand,1,80,
2026-07-07,H100,Vast.ai · Spot,0.34,USD,per GPU per hour,Vast.ai,spot,2,80,gb
2026-07-07,H100,Verda · Spot,1.1375,USD,per GPU per hour,Verda,spot,2,80,
2026-07-07,H200,Cheapest,1.4,USD,per GPU per hour,Verda,spot,1,141,
2026-07-07,H200,DigitalOcean · On-demand,3.44,USD,per GPU per hour,DigitalOcean,on_demand,1,141,us
2026-07-07,H200,Hyperstack · On-demand,3.99,USD,per GPU per hour,Hyperstack,on_demand,8,141,ca
2026-07-07,H200,Oblivus · On-demand,3.99,USD,per GPU per hour,Oblivus,on_demand,1,141,us
2026-07-07,H200,On-demand (median),3.885,USD,per GPU per hour,,on_demand,,,
2026-07-07,H200,On-demand (min),2.49,USD,per GPU per hour,Theta EdgeCloud,on_demand,1,141,
2026-07-07,H200,Runcrate · On-demand,3.78,USD,per GPU per hour,Runcrate,on_demand,1,141,"fi,us"
2026-07-07,H200,Runpod · Spot,3.99,USD,per GPU per hour,Runpod,spot,1,141,"ca,us,fr,is,jp"
2026-07-07,H200,Sesterce Cloud · On-demand,4.851,USD,per GPU per hour,Sesterce Cloud,on_demand,1,141,fi
2026-07-07,H200,Spot (median),1.93,USD,per GPU per hour,,spot,,,
2026-07-07,H200,Spot (min),1.4,USD,per GPU per hour,Verda,spot,1,141,
2026-07-07,H200,Theta EdgeCloud · On-demand,2.49,USD,per GPU per hour,Theta EdgeCloud,on_demand,1,141,
2026-07-07,H200,Vast.ai · Spot,1.93,USD,per GPU per hour,Vast.ai,spot,8,141,ca
2026-07-07,H200,Verda · Spot,1.4,USD,per GPU per hour,Verda,spot,1,141,
2026-07-08,A100,AceCloud · Spot,1.0954,USD,per GPU per hour,AceCloud,spot,1,80,us
2026-07-08,A100,Cheapest,0.13,USD,per GPU per hour,Vast.ai,spot,1,80,us
2026-07-08,A100,Lambda · On-demand,1.99,USD,per GPU per hour,Lambda,on_demand,1,80,us
2026-07-08,A100,On-demand (median),1.54,USD,per GPU per hour,,on_demand,,,
2026-07-08,A100,On-demand (min),1.09,USD,per GPU per hour,Thunder Compute,on_demand,1,80,
2026-07-08,A100,Runcrate · On-demand,1.54,USD,per GPU per hour,Runcrate,on_demand,1,80,us
2026-07-08,A100,Runpod · On-demand,1.39,USD,per GPU per hour,Runpod,on_demand,1,80,us
2026-07-08,A100,Sesterce Cloud · On-demand,1.54,USD,per GPU per hour,Sesterce Cloud,on_demand,8,80,ca
2026-07-08,A100,Spot (median),0.6265,USD,per GPU per hour,,spot,,,
2026-07-08,A100,Spot (min),0.13,USD,per GPU per hour,Vast.ai,spot,1,80,us
2026-07-08,A100,Theta EdgeCloud · On-demand,1.99,USD,per GPU per hour,Theta EdgeCloud,on_demand,1,80,
2026-07-08,A100,Thunder Compute · On-demand,1.09,USD,per GPU per hour,Thunder Compute,on_demand,1,80,
2026-07-08,A100,Vast.ai · Spot,0.13,USD,per GPU per hour,Vast.ai,spot,1,80,us
2026-07-08,A100,Verda · Spot,0.6265,USD,per GPU per hour,Verda,spot,1,80,
2026-07-08,B200,Beyond.pl · On-demand,5.1,USD,per GPU per hour,Beyond.pl,on_demand,1,180,pl
2026-07-08,B200,Cheapest,2.1385,USD,per GPU per hour,Verda,spot,2,180,
2026-07-08,B200,On-demand (median),5.1,USD,per GPU per hour,,on_demand,,,
2026-07-08,B200,On-demand (min),5.1,USD,per GPU per hour,Beyond.pl,on_demand,1,180,pl
2026-07-08,B200,Runpod · Spot,5.49,USD,per GPU per hour,Runpod,spot,1,180,"ro,us"
2026-07-08,B200,Spot (median),4.69,USD,per GPU per hour,,spot,,,
2026-07-08,B200,Spot (min),2.1385,USD,per GPU per hour,Verda,spot,2,180,
2026-07-08,B200,Vast.ai · Spot,4.69,USD,per GPU per hour,Vast.ai,spot,1,180,us
2026-07-08,B200,Verda · Spot,2.1385,USD,per GPU per hour,Verda,spot,2,180,
2026-07-08,B300,Cheapest,2.5,USD,per GPU per hour,Vast.ai,spot,8,288,ca
2026-07-08,B300,On-demand (median),7.9824,USD,per GPU per hour,,on_demand,,,
2026-07-08,B300,On-demand (min),7.39,USD,per GPU per hour,Runpod,on_demand,1,288,nl
2026-07-08,B300,Runpod · On-demand,7.39,USD,per GPU per hour,Runpod,on_demand,1,288,nl
2026-07-08,B300,Scaleway · On-demand,8.5747,USD,per GPU per hour,Scaleway,on_demand,8,288,fr
2026-07-08,B300,Spot (median),2.5625,USD,per GPU per hour,,spot,,,
2026-07-08,B300,Spot (min),2.5,USD,per GPU per hour,Vast.ai,spot,8,288,ca
2026-07-08,B300,Vast.ai · Spot,2.5,USD,per GPU per hour,Vast.ai,spot,8,288,ca
2026-07-08,B300,Verda · Spot,2.625,USD,per GPU per hour,Verda,spot,1,288,
2026-07-08,H100,Cheapest,0.44,USD,per GPU per hour,Vast.ai,spot,1,80,jp
2026-07-08,H100,Lambda · On-demand,4.19,USD,per GPU per hour,Lambda,on_demand,2,80,us
2026-07-08,H100,Novita AI · Spot,1.7,USD,per GPU per hour,Novita AI,spot,1,80,"is,us"
2026-07-08,H100,Oblivus · On-demand,3.5,USD,per GPU per hour,Oblivus,on_demand,1,80,us
2026-07-08,H100,On-demand (median),3.3886,USD,per GPU per hour,,on_demand,,,
2026-07-08,H100,On-demand (min),2.19,USD,per GPU per hour,Thunder Compute,on_demand,1,80,
2026-07-08,H100,Runcrate · On-demand,3.63,USD,per GPU per hour,Runcrate,on_demand,1,80,"fr,us,pl"
2026-07-08,H100,Runpod · On-demand,2.99,USD,per GPU per hour,Runpod,on_demand,1,80,"nl,us,fr,jp,in,ca,is,no"
2026-07-08,H100,Scaleway · On-demand,3.2773,USD,per GPU per hour,Scaleway,on_demand,1,80,"fr,pl"
2026-07-08,H100,Sesterce Cloud · On-demand,3.63,USD,per GPU per hour,Sesterce Cloud,on_demand,2,80,fr
2026-07-08,H100,Spot (median),1.1375,USD,per GPU per hour,,spot,,,
2026-07-08,H100,Spot (min),0.44,USD,per GPU per hour,Vast.ai,spot,1,80,jp
2026-07-08,H100,Theta EdgeCloud · On-demand,2.29,USD,per GPU per hour,Theta EdgeCloud,on_demand,1,80,
2026-07-08,H100,Thunder Compute · On-demand,2.19,USD,per GPU per hour,Thunder Compute,on_demand,1,80,
2026-07-08,H100,Vast.ai · Spot,0.44,USD,per GPU per hour,Vast.ai,spot,1,80,jp
2026-07-08,H100,Verda · Spot,1.1375,USD,per GPU per hour,Verda,spot,2,80,
2026-07-08,H200,Cheapest,1.4,USD,per GPU per hour,Verda,spot,1,141,
2026-07-08,H200,DigitalOcean · On-demand,3.44,USD,per GPU per hour,DigitalOcean,on_demand,1,141,us
2026-07-08,H200,Oblivus · On-demand,3.99,USD,per GPU per hour,Oblivus,on_demand,1,141,us
2026-07-08,H200,On-demand (median),3.44,USD,per GPU per hour,,on_demand,,,
2026-07-08,H200,On-demand (min),2.49,USD,per GPU per hour,Theta EdgeCloud,on_demand,1,141,
2026-07-08,H200,Runcrate · On-demand,3.78,USD,per GPU per hour,Runcrate,on_demand,1,141,us
2026-07-08,H200,Runpod · Spot,3.99,USD,per GPU per hour,Runpod,spot,1,141,"fr,us,is,jp"
2026-07-08,H200,Spot (median),2.695,USD,per GPU per hour,,spot,,,
2026-07-08,H200,Spot (min),1.4,USD,per GPU per hour,Verda,spot,1,141,
2026-07-08,H200,Theta EdgeCloud · On-demand,2.49,USD,per GPU per hour,Theta EdgeCloud,on_demand,1,141,
2026-07-08,H200,Vast.ai · On-demand,3.03,USD,per GPU per hour,Vast.ai,on_demand,1,141,sa
2026-07-08,H200,Verda · Spot,1.4,USD,per GPU per hour,Verda,spot,1,141,
2026-07-09,A100,AceCloud · Spot,1.0881,USD,per GPU per hour,AceCloud,spot,1,80,us
2026-07-09,A100,Cheapest,0.13,USD,per GPU per hour,Vast.ai,spot,1,80,us
2026-07-09,A100,Hyperstack · Spot,1.08,USD,per GPU per hour,Hyperstack,spot,1,80,ca
2026-07-09,A100,Lambda · On-demand,1.99,USD,per GPU per hour,Lambda,on_demand,1,80,"us,in"
2026-07-09,A100,On-demand (median),1.519,USD,per GPU per hour,,on_demand,,,
2026-07-09,A100,On-demand (min),1.09,USD,per GPU per hour,Thunder Compute,on_demand,1,80,
2026-07-09,A100,Runcrate · On-demand,1.52,USD,per GPU per hour,Runcrate,on_demand,1,80,"fi,us"
2026-07-09,A100,Runpod · On-demand,1.39,USD,per GPU per hour,Runpod,on_demand,1,80,"ro,ca"
2026-07-09,A100,Sesterce Cloud · On-demand,1.518,USD,per GPU per hour,Sesterce Cloud,on_demand,1,80,us
2026-07-09,A100,Spot (median),0.8533,USD,per GPU per hour,,spot,,,
2026-07-09,A100,Spot (min),0.13,USD,per GPU per hour,Vast.ai,spot,1,80,us
2026-07-09,A100,Theta EdgeCloud · On-demand,1.99,USD,per GPU per hour,Theta EdgeCloud,on_demand,1,80,
2026-07-09,A100,Thunder Compute · On-demand,1.09,USD,per GPU per hour,Thunder Compute,on_demand,1,80,
2026-07-09,A100,Vast.ai · Spot,0.13,USD,per GPU per hour,Vast.ai,spot,1,80,us
2026-07-09,A100,Verda · Spot,0.6265,USD,per GPU per hour,Verda,spot,1,80,
2026-07-09,B200,Beyond.pl · On-demand,5.1,USD,per GPU per hour,Beyond.pl,on_demand,1,180,pl
2026-07-09,B200,Cheapest,2.1385,USD,per GPU per hour,Verda,spot,2,180,
2026-07-09,B200,On-demand (median),5.1,USD,per GPU per hour,,on_demand,,,
2026-07-09,B200,On-demand (min),5.1,USD,per GPU per hour,Beyond.pl,on_demand,1,180,pl
2026-07-09,B200,Runpod · Spot,5.49,USD,per GPU per hour,Runpod,spot,1,180,us
2026-07-09,B200,Spot (median),4.69,USD,per GPU per hour,,spot,,,
2026-07-09,B200,Spot (min),2.1385,USD,per GPU per hour,Verda,spot,2,180,
2026-07-09,B200,Vast.ai · Spot,4.69,USD,per GPU per hour,Vast.ai,spot,1,180,us
2026-07-09,B200,Verda · Spot,2.1385,USD,per GPU per hour,Verda,spot,2,180,
2026-07-09,B300,Cheapest,2.5,USD,per GPU per hour,Vast.ai,spot,8,288,ca
2026-07-09,B300,On-demand (median),7.9715,USD,per GPU per hour,,on_demand,,,
2026-07-09,B300,On-demand (min),7.39,USD,per GPU per hour,Runpod,on_demand,1,288,nl
2026-07-09,B300,Runpod · On-demand,7.39,USD,per GPU per hour,Runpod,on_demand,1,288,nl
2026-07-09,B300,Scaleway · On-demand,8.553,USD,per GPU per hour,Scaleway,on_demand,8,288,fr
2026-07-09,B300,Spot (median),2.5625,USD,per GPU per hour,,spot,,,
2026-07-09,B300,Spot (min),2.5,USD,per GPU per hour,Vast.ai,spot,8,288,ca
2026-07-09,B300,Vast.ai · Spot,2.5,USD,per GPU per hour,Vast.ai,spot,8,288,ca
2026-07-09,B300,Verda · Spot,2.625,USD,per GPU per hour,Verda,spot,1,288,
2026-07-09,H100,Cheapest,0.44,USD,per GPU per hour,Vast.ai,spot,1,80,jp
2026-07-09,H100,Lambda · On-demand,3.29,USD,per GPU per hour,Lambda,on_demand,1,80,us
2026-07-09,H100,Novita AI · Spot,1.7,USD,per GPU per hour,Novita AI,spot,1,80,"is,us"
2026-07-09,H100,Oblivus · On-demand,3.5,USD,per GPU per hour,Oblivus,on_demand,1,80,us
2026-07-09,H100,On-demand (median),3.269,USD,per GPU per hour,,on_demand,,,
2026-07-09,H100,On-demand (min),2.09,USD,per GPU per hour,Runcrate,on_demand,1,80,"fr,ca,us"
2026-07-09,H100,Runcrate · On-demand,2.09,USD,per GPU per hour,Runcrate,on_demand,1,80,"fr,ca,us"
2026-07-09,H100,Runpod · Spot,2.39,USD,per GPU per hour,Runpod,spot,1,80,"us,ca"
2026-07-09,H100,Scaleway · On-demand,3.269,USD,per GPU per hour,Scaleway,on_demand,1,80,"fr,pl"
2026-07-09,H100,Sesterce Cloud · On-demand,3.63,USD,per GPU per hour,Sesterce Cloud,on_demand,2,80,fr
2026-07-09,H100,Spot (median),1.4187,USD,per GPU per hour,,spot,,,
2026-07-09,H100,Spot (min),0.44,USD,per GPU per hour,Vast.ai,spot,1,80,jp
2026-07-09,H100,Theta EdgeCloud · On-demand,2.29,USD,per GPU per hour,Theta EdgeCloud,on_demand,1,80,
2026-07-09,H100,Thunder Compute · On-demand,2.19,USD,per GPU per hour,Thunder Compute,on_demand,1,80,
2026-07-09,H100,Vast.ai · Spot,0.44,USD,per GPU per hour,Vast.ai,spot,1,80,jp
2026-07-09,H100,Verda · Spot,1.1375,USD,per GPU per hour,Verda,spot,2,80,
2026-07-09,H200,Cheapest,1.4,USD,per GPU per hour,Verda,spot,1,141,
2026-07-09,H200,Oblivus · On-demand,3.99,USD,per GPU per hour,Oblivus,on_demand,1,141,us
2026-07-09,H200,On-demand (median),3.24,USD,per GPU per hour,,on_demand,,,
2026-07-09,H200,On-demand (min),2.49,USD,per GPU per hour,Theta EdgeCloud,on_demand,1,141,
2026-07-09,H200,Runpod · Spot,3.99,USD,per GPU per hour,Runpod,spot,1,141,"ca,us,fr,is,jp"
2026-07-09,H200,Spot (median),3.0,USD,per GPU per hour,,spot,,,
2026-07-09,H200,Spot (min),1.4,USD,per GPU per hour,Verda,spot,1,141,
2026-07-09,H200,Theta EdgeCloud · On-demand,2.49,USD,per GPU per hour,Theta EdgeCloud,on_demand,1,141,
2026-07-09,H200,Vast.ai · Spot,3.0,USD,per GPU per hour,Vast.ai,spot,1,141,jp
2026-07-09,H200,Verda · Spot,1.4,USD,per GPU per hour,Verda,spot,1,141,
